-- phpMyAdmin SQL Dump
-- version 4.9.7
-- https://www.phpmyadmin.net/
--
-- 主機： localhost
-- 產生時間： 2021 年 12 月 19 日 05:13
-- 伺服器版本： 10.3.29-MariaDB
-- PHP 版本： 7.4.18

SET SQL_MODE = "NO_AUTO_VALUE_ON_ZERO";
SET AUTOCOMMIT = 0;
START TRANSACTION;
SET time_zone = "+00:00";


/*!40101 SET @OLD_CHARACTER_SET_CLIENT=@@CHARACTER_SET_CLIENT */;
/*!40101 SET @OLD_CHARACTER_SET_RESULTS=@@CHARACTER_SET_RESULTS */;
/*!40101 SET @OLD_COLLATION_CONNECTION=@@COLLATION_CONNECTION */;
/*!40101 SET NAMES utf8mb4 */;

--
-- 資料庫： `happy_shop`
--

-- --------------------------------------------------------

--
-- 資料表結構 `advertisement`
--

CREATE TABLE `advertisement` (
  `id` int(11) NOT NULL,
  `image` varchar(1000) COLLATE utf8mb4_unicode_520_ci NOT NULL
) ENGINE=InnoDB DEFAULT CHARSET=utf8mb4 COLLATE=utf8mb4_unicode_520_ci;

--
-- 傾印資料表的資料 `advertisement`
--

INSERT INTO `advertisement` (`id`, `image`) VALUES
(1, 'https://raw.githubusercontent.com/SiangTu/shoppingApp/thor/img/%E8%8C%B6%E8%91%89%E6%9E%95%E9%A0%AD%E5%B0%81%E9%9D%A2.jpg');

-- --------------------------------------------------------

--
-- 資料表結構 `category`
--

CREATE TABLE `category` (
  `category_id` int(11) NOT NULL,
  `name` varchar(100) COLLATE utf8mb4_unicode_520_ci NOT NULL
) ENGINE=InnoDB DEFAULT CHARSET=utf8mb4 COLLATE=utf8mb4_unicode_520_ci;

--
-- 傾印資料表的資料 `category`
--

INSERT INTO `category` (`category_id`, `name`) VALUES
(1, '防疫商品'),
(2, '冷凍店取'),
(3, '箱購飲料'),
(4, '甜點蛋糕'),
(5, '素食蔬食'),
(6, '水產海鮮'),
(7, '生鮮肉品'),
(8, '3C週邊'),
(9, '生活日用'),
(10, '餅乾零食'),
(11, '熟食小吃'),
(12, '保健商品'),
(13, '毛小孩'),
(14, '家具廚具'),
(15, '美妝用品'),
(16, '首飾配件'),
(17, '服飾'),
(18, '包包提袋'),
(19, '文創商品'),
(20, '文/玩具');

-- --------------------------------------------------------

--
-- 資料表結構 `category_product`
--

CREATE TABLE `category_product` (
  `category_id` int(11) NOT NULL,
  `item_id` int(11) NOT NULL
) ENGINE=InnoDB DEFAULT CHARSET=utf8mb4 COLLATE=utf8mb4_unicode_ci;

--
-- 傾印資料表的資料 `category_product`
--

INSERT INTO `category_product` (`category_id`, `item_id`) VALUES
(1, 1),
(1, 2),
(1, 3),
(1, 4),
(1, 5),
(1, 6),
(1, 7),
(1, 8),
(1, 9),
(1, 10),
(2, 1),
(2, 2),
(2, 3),
(2, 4),
(2, 5),
(2, 6),
(2, 7),
(2, 8),
(2, 9),
(2, 10);

-- --------------------------------------------------------

--
-- 資料表結構 `member`
--

CREATE TABLE `member` (
  `member_id_phone` char(10) COLLATE utf8mb4_unicode_520_ci NOT NULL,
  `password` varchar(10) COLLATE utf8mb4_unicode_520_ci NOT NULL,
  `name` varchar(10) COLLATE utf8mb4_unicode_520_ci NOT NULL,
  `gender` int(11) NOT NULL,
  `birthday` varchar(22) COLLATE utf8mb4_unicode_520_ci NOT NULL,
  `address` varchar(50) COLLATE utf8mb4_unicode_520_ci NOT NULL,
  `buy_list` longtext CHARACTER SET utf8mb4 COLLATE utf8mb4_bin NOT NULL,
  `like_list` longtext COLLATE utf8mb4_unicode_520_ci NOT NULL
) ENGINE=InnoDB DEFAULT CHARSET=utf8mb4 COLLATE=utf8mb4_unicode_520_ci;

--
-- 傾印資料表的資料 `member`
--

INSERT INTO `member` (`member_id_phone`, `password`, `name`, `gender`, `birthday`, `address`, `buy_list`, `like_list`) VALUES
('0900000000', '123', '劉秋萍', 0, '1980-01-12', '美國洛杉磯34街一號', '[111111111,11111119]\r\n', '[111111111,11111119]'),
('0911111111', '123', '劉振隆', 1, '2000-01-01', '台北市德惠街173號五樓', '[111111111,11111111]\r\n', '[111111111,11111119]\r '),
('0922222222', '123', '林葦婷', 0, '1980-01-12', '台北林口長庚大道一號', '[111111111,11111111]\r ', '[111111111,11111119]\r '),
('0933333333', '123', '劉超', 1, '1220', '台北市大安區基隆路一號', '[111111111,11111112]\r\n', '[111111111,11111119]\r '),
('0944444444', '123', '劉欣', 0, '1989', '台北市大安區基隆路2號', '[111111111,11111113]\r\n', '[111111111,11111119]\r '),
('0955555555', '123', '劉超人', 0, '1989-2-12', '台北市大安區基隆路3號', '[111111111,11111114]\r\n', '[111111111,11111119]\r '),
('0966666666', '123', '林雨景', 0, '1990-03-19', '新北市土城區大道一號', '[111111111,11111115]\r\n', '[111111111,11111119]\r '),
('0977777777', '123', '李愛', 0, '1990-03-12', '新北市土城區大道4號', '[111111111,11111116]\r\n', '[111111111,11111119]\r '),
('0988888888', '123', '李意珍', 0, '1990-01-12', '新北市土城區大道5號', '[111111111,11111117]\r\n', '[111111111,11111119]\r '),
('0999999999', '123', '李麗珍', 0, '1990-01-12', '香港區九龍大道一號', '[111111111,11111118]\r\n', '[111111111,11111119]\r ');

-- --------------------------------------------------------

--
-- 資料表結構 `order_list`
--

CREATE TABLE `order_list` (
  `order_id` int(11) NOT NULL,
  `member_id_phone` char(10) CHARACTER SET utf8mb4 COLLATE utf8mb4_unicode_520_ci NOT NULL,
  `price` int(11) NOT NULL DEFAULT 0,
  `shipment` enum('7-11取貨','全家取貨','宅配','') COLLATE utf8mb4_unicode_ci NOT NULL,
  `payment` enum('超商取貨付款','Apple Pay','信用卡一次付清','') COLLATE utf8mb4_unicode_ci NOT NULL,
  `order_date` varchar(45) COLLATE utf8mb4_unicode_ci DEFAULT NULL,
  `order_person_name` varchar(20) COLLATE utf8mb4_unicode_ci DEFAULT NULL,
  `order_person_phone` varchar(45) COLLATE utf8mb4_unicode_ci DEFAULT NULL,
  `order_person_address` varchar(45) COLLATE utf8mb4_unicode_ci DEFAULT NULL,
  `order_person_email` varchar(45) COLLATE utf8mb4_unicode_ci DEFAULT NULL
) ENGINE=InnoDB DEFAULT CHARSET=utf8mb4 COLLATE=utf8mb4_unicode_ci;

--
-- 傾印資料表的資料 `order_list`
--

INSERT INTO `order_list` (`order_id`, `member_id_phone`, `price`, `shipment`, `payment`, `order_date`, `order_person_name`, `order_person_phone`, `order_person_address`, `order_person_email`) VALUES
(1, '0955555555', 0, '7-11取貨', '超商取貨付款', NULL, '', NULL, NULL, NULL),
(2, '0955555555', 0, '7-11取貨', '超商取貨付款', '2021-12-15', 'ddd', NULL, NULL, NULL),
(4, '0900000000', 0, '7-11取貨', '超商取貨付款', NULL, NULL, NULL, NULL, NULL);

-- --------------------------------------------------------

--
-- 資料表結構 `order_product`
--

CREATE TABLE `order_product` (
  `order_id` int(11) NOT NULL,
  `item_id` int(11) NOT NULL,
  `item_count` int(11) NOT NULL DEFAULT 1
) ENGINE=InnoDB DEFAULT CHARSET=utf8mb4 COLLATE=utf8mb4_unicode_ci;

--
-- 傾印資料表的資料 `order_product`
--

INSERT INTO `order_product` (`order_id`, `item_id`, `item_count`) VALUES
(1, 2, 3),
(1, 4, 2),
(1, 7, 1),
(4, 1, 1),
(4, 2, 1),
(4, 4, 1),
(4, 6, 1),
(4, 7, 1),
(4, 8, 1),
(4, 9, 1),
(4, 10, 1),
(4, 11, 1);

-- --------------------------------------------------------

--
-- 資料表結構 `popular_keyword`
--

CREATE TABLE `popular_keyword` (
  `id` int(11) NOT NULL,
  `name` varchar(100) COLLATE utf8mb4_unicode_520_ci NOT NULL,
  `count` int(11) NOT NULL
) ENGINE=InnoDB DEFAULT CHARSET=utf8mb4 COLLATE=utf8mb4_unicode_520_ci;

--
-- 傾印資料表的資料 `popular_keyword`
--

INSERT INTO `popular_keyword` (`id`, `name`, `count`) VALUES
(1, '常相見', 988990),
(2, '常香健鐵觀音床墊雙人加大尺寸', 790534),
(3, '鐵觀音茶葉', 970000),
(4, '弘道實業', 888888),
(5, '常香健鐵觀音茶香包', 567856),
(7, '茶葉', 321234),
(8, '頭枕', 312222),
(9, '頭枕組合', 312222),
(10, '靠枕', 302222),
(11, '弘道', 299999),
(12, '弘道實業', 288888),
(13, '弘道實業有限公司', 277777),
(14, 'KA', 266666),
(15, 'MH', 255555),
(16, 'Meeting Health', 244444),
(17, '茶香健', 233333),
(18, '坐墊', 222222),
(19, '椅墊', 211111),
(20, '烏龍茶', 200000),
(21, '高山鐵觀音茶葉', 198349),
(22, '弘道實業', 888888),
(23, '高級健康', 188888),
(24, '睡眠', 177777),
(25, '失眠', 166666),
(26, '全球最大茶葉寢具製造商', 123456),
(27, '全球第一茶香', 133333),
(28, '全球唯一獨家專利', 122222),
(29, '茶葉國度', 111111),
(30, '茶香世界', 102222),
(31, '1987年創立', 98534),
(32, '全球最大魚池製造商', 97234),
(33, '茶葉用品帝國', 95678),
(34, '除臭天王', 93534),
(35, '除鞋臭無敵強', 93456),
(36, '完美無瑕車縫線', 92578),
(37, '堅持天然無毒', 91234),
(38, '通過SGS認證', 90356),
(39, '通過國家標準CNS認證', 90212),
(40, '無效三個月退費', 90123);

-- --------------------------------------------------------

--
-- 資料表結構 `product_info`
--

CREATE TABLE `product_info` (
  `item_id` int(11) NOT NULL,
  `name` varchar(100) COLLATE utf8mb4_unicode_520_ci NOT NULL,
  `price` int(11) NOT NULL,
  `quantity` int(11) NOT NULL,
  `detail` longtext CHARACTER SET utf8mb4 COLLATE utf8mb4_bin NOT NULL,
  `vendor_id` int(11) NOT NULL,
  `media_info` longtext COLLATE utf8mb4_unicode_520_ci NOT NULL,
  `payment` longtext COLLATE utf8mb4_unicode_520_ci DEFAULT NULL,
  `delivery` longtext COLLATE utf8mb4_unicode_520_ci DEFAULT NULL
) ENGINE=InnoDB DEFAULT CHARSET=utf8mb4 COLLATE=utf8mb4_unicode_520_ci;

--
-- 傾印資料表的資料 `product_info`
--

INSERT INTO `product_info` (`item_id`, `name`, `price`, `quantity`, `detail`, `vendor_id`, `media_info`, `payment`, `delivery`) VALUES
(1, '常香健枕頭', 980, 999, '{\"說明\": \"枕頭\"}', 1, 'https://raw.githubusercontent.com/scott93723/happy_shop_api/main/%E6%9E%95%E9%A0%AD/8%E8%8C%B6%E8%91%89%E6%9E%95.jpg', '[\"超商貨到付款\",\"Apple Pay\",\"信用卡一次付清\"]', '[\"7-11取貨\",“全家取貨”,”宅配“]'),
(2, '常香健雙人加大床墊-弘道實業有限公司出品', 4300, 9999, '{\"說明\": \"床墊\"}', 1, 'https://raw.githubusercontent.com/scott93723/happy_shop_api/main/%E5%BA%8A%E5%A2%8A/%E8%8C%B6%E8%91%89%E5%BA%8A%E5%A2%8A.jpg', '[\"超商貨到付款\",\"Apple Pay\",\"信用卡一次付清\"]', '[\"7-11取貨\",“全家取貨”,”宅配“]'),
(3, '常香健雙人床墊-弘道實業有限公司出品', 3600, 9999, '{\"說明\": \"床墊\"}', 1, 'https://raw.githubusercontent.com/scott93723/happy_shop_api/main/%E5%BA%8A%E5%A2%8A/%E8%8C%B6%E8%91%89%E5%BA%8A%E5%A2%8A.jpg', '[\"超商貨到付款\",\"Apple Pay\",\"信用卡一次付清\"]', '[\"7-11取貨\",“全家取貨”,”宅配“]'),
(4, '常香健超強除鞋臭茶香包', 599, 99999999, '{\"說明\": \"茶香包\"}', 1, 'https://raw.githubusercontent.com/scott93723/happy_shop_api/main/%E5%BA%8A%E5%A2%8A/%E8%8C%B6%E8%91%89%E5%BA%8A%E5%A2%8A.jpg', '[\"超商貨到付款\",\"Apple Pay\",\"信用卡一次付清\"]', '[\"7-11取貨\",“全家取貨”,”宅配“]'),
(5, '常香健鐵觀音抱枕', 288, 99999999, '{\"說明\": \"全球獨家茶葉抱枕\"}', 1, 'https://raw.githubusercontent.com/scott93723/happy_shop_api/main/%E6%8A%B1%E6%9E%95/%E5%B0%81%E9%9D%A2.jpg', '[\"超商貨到付款\",\"Apple Pay\",\"信用卡一次付清\"]', '[\"7-11取貨\",“全家取貨”,”宅配“]'),
(6, '常香健鐵觀音頭枕', 288, 99999999, '{\"說明\": \"全球獨家茶葉頭枕\"}', 1, 'https://raw.githubusercontent.com/scott93723/happy_shop_api/main/%E6%8A%B1%E6%9E%95/%E5%B0%81%E9%9D%A2.jpg', '[\"超商貨到付款\",\"Apple Pay\",\"信用卡一次付清\"]', '[\"7-11取貨\",“全家取貨”,”宅配“]'),
(7, '常香健鐵觀音頭枕', 288, 99999999, '{\"說明\": \"全球獨家茶葉頭枕\"}', 1, 'https://raw.githubusercontent.com/scott93723/happy_shop_api/main/%E6%8A%B1%E6%9E%95/%E5%B0%81%E9%9D%A2.jpg', '[\"超商貨到付款\",\"Apple Pay\",\"信用卡一次付清\"]', '[\"7-11取貨\",“全家取貨”,”宅配“]'),
(8, '常香健鐵觀音透氣座墊', 1299, 99999999, '{\"說明\": \"坐墊\"}', 1, 'https://raw.githubusercontent.com/scott93723/happy_shop_api/main/%E8%BB%8A%E5%A2%8A/%E8%90%AC%E7%94%A8%E6%A4%85%E5%A2%8A.jpg', '[\"超商貨到付款\",\"Apple Pay\",\"信用卡一次付清\"]', '[\"7-11取貨\",“全家取貨”,”宅配“]'),
(9, '常香健鐵觀音透氣沙發座墊-弘道實業有限公司出品', 1299, 99999999, '{\"說明\": \"坐墊\"}', 1, 'https://raw.githubusercontent.com/scott93723/happy_shop_api/main/%E8%BB%8A%E5%A2%8A/%E8%90%AC%E7%94%A8%E6%A4%85%E5%A2%8A.jpg', '[\"超商貨到付款\",\"Apple Pay\",\"信用卡一次付清\"]', '[\"7-11取貨\",“全家取貨”,”宅配“]'),
(10, '常香健鐵觀音超值11件車墊高級套裝組-弘道實業有限公司出品', 16000, 99999999, '{\"說明\": \"車墊\"}', 1, 'https://raw.githubusercontent.com/scott93723/happy_shop_api/main/%E8%BB%8A%E5%A2%8A/Car1.jpg', '[\"超商貨到付款\",\"Apple Pay\",\"信用卡一次付清\"]', '[\"7-11取貨\",“全家取貨”,”宅配“]'),
(11, '【亞尼克】亞尼克生乳捲特黑，324g，共1入\n', 565, 999, '{\"成份\": \"特黑－日本奶霜乳製品（牛奶）、食用植物油脂（棕櫚仁油、棕櫚油）、糊精、乳清蛋白、乳糖、乳化劑（脂肪酸甘油酯、大豆卵磷脂、脂肪酸蔗糖酯）、纖維素、乳清、香料、雞蛋、鮮奶、砂糖、日本麵粉、奶油、可可粉、蛋白粉\", \"規格\": \"324G／18CM一條，共1條\"}', 1, 'https://diz36nn4q02zr.cloudfront.net/webapi/imagesV3/Original/SalePage/7253814/0/637739494702870000?v=1', '[\"超商貨到付款\",\"Apple Pay\",\"信用卡一次付清\"]', '[\"7-11取貨\",“全家取貨”,”宅配“]'),
(12, '【晟品凍洋】極凍超厚切鮭魚，400g±10%/包*10包\n', 2750, 999, '{\"成份\": \"鮭魚\", \"規格\": \"400g±10％／包（10包)\"}', 1, 'https://diz36nn4q02zr.cloudfront.net/webapi/imagesV3/Original/SalePage/7430949/0/637727440456630000?v=1', '[\"超商貨到付款\",\"Apple Pay\",\"信用卡一次付清\"]', '[\"7-11取貨\",“全家取貨”,”宅配“]'),
(13, '【Samsung】三星Galaxy智慧手錶，Watch4 BT 40mm R860', 8990, 999, '{\"型號\": \"R860（幻影黑、鈦灰銀、玫瑰金\", \"產地\": \"越南\"}', 1, 'https://diz36nn4q02zr.cloudfront.net/webapi/imagesV3/Original/SalePage/7446448/0/637731710733930000?v=1', '[\"超商貨到付款\",\"Apple Pay\",\"信用卡一次付清\"]', '[\"7-11取貨\",“全家取貨”,”宅配“]'),
(14, '【甜野新星】4個6吋巧塔玫瑰(350g/個)', 2796, 99, '{\"成份\": \"黃豆粉、杏仁粉、赤藻醣醇、甜菊糖、鮮奶油、奶油、蛋、無糖可可粉、可可脂\", \"規格\": \"350g／個\"}', 1, 'https://diz36nn4q02zr.cloudfront.net/webapi/imagesV3/Original/SalePage/6472590/0/637732783931830000?v=1', '', ''),
(15, '【七見櫻堂】綜合組冰起司蛋糕，500g/盒/(北海道奶霜醬糜冰起司蛋糕*3、濃巧醬糜冰起司蛋糕*3)\r\n', 2802, 99, '{\"成份\": \"黃豆粉、杏仁粉、赤藻醣醇、甜菊糖、鮮奶油、奶油、蛋、無糖可可粉、可可脂\", \"規格\": \"350g／個\"}', 1, 'https://diz36nn4q02zr.cloudfront.net/webapi/imagesV3/Original/SalePage/7134265/0/637685178977700000?v=1', '', ''),
(16, '【特美香】冷藏原味蛋糕7吋', 255, 9999, '{\"成份\": \"黃豆粉、杏仁粉、赤藻醣醇、甜菊糖、鮮奶油、奶油、蛋、無糖可可粉、可可脂\", \"規格\": \"350g／個\"}', 1, 'https://diz36nn4q02zr.cloudfront.net/webapi/imagesV3/Original/SalePage/4898167/0/637733771357170000?v=1', '', ''),
(17, '【皇家洛克】防疫保護防飛沫噴濺眼罩(8入組/盒)', 980, 9999, '{\"成份\":\"PC\",\"規格\": \"16.5ｘ5.5cm ±5％\"}', 1, 'https://diz36nn4q02zr.cloudfront.net/webapi/imagesV3/Original/SalePage/7081445/0/637739483855770000?v=1', '', ''),
(18, '防疫神器零接觸手持消毒棒3入(隨機出貨)', 198, 9999, '{\"成份\":\"塑膠＋海綿墊\",\"使用方式\":\"可自行添加酒精消毒液，有效防止病毒細菌，可重複使用自行添加消毒液\"}', 1, 'https://diz36nn4q02zr.cloudfront.net/webapi/imagesV3/Original/SalePage/7081445/0/637739483855770000?v=1', '', ''),
(19, '【廣源良】手衛士防疫組，(乾洗手80ml+水潤護手霜)', 209, 9999, '{\"成份\":\"二入組（手衛士茶樹乾洗手噴霧80ml抗菌水潤護手霜100ml）\",\"成份\":\"茶樹精油，維他命E，蘆薈萃取，75酒精\"}', 1, 'https://diz36nn4q02zr.cloudfront.net/webapi/imagesV3/Original/SalePage/7293843/0/637739494451070000?v=1', '', ''),
(20, '旗艦版防疫酒精噴霧組合', 2000, 9999, '{\"成份\":\"二入組（手衛士茶樹乾洗手噴霧80ml抗菌水潤護手霜100ml）\",\"成份\":\"茶樹精油，維他命E，蘆薈萃取，75酒精\"}', 1, 'https://diz36nn4q02zr.cloudfront.net/webapi/imagesV3/Original/SalePage/7305759/0/637680081046670000?v=1', '', ''),
(21, '冷凍店取—福國 冷凍生白蝦850g', 279, 9999, '{\"成份\":\"白蝦、水（18％）、偏亞硫酸氫鈉\",\"重量\":\"850g\"}', 1, 'https://diz36nn4q02zr.cloudfront.net/webapi/imagesV3/Original/SalePage/7322415/0/637747527483370000?v=1', '', ''),
(22, '【冷凍店取-天時】冷凍黑莓(淨重400g)', 209, 9999, '{\"成份\":\"黑莓\",\"規格\":\"淨重400g\"}', 1, 'https://diz36nn4q02zr.cloudfront.net/webapi/imagesV3/Original/SalePage/6029134/0/637716194394930000?v=1', '', ''),
(23, '【冷凍店取—皇冠】冷凍香魚920g/6隻/盒', 209, 9999, '{\"成份\":\"香魚\",\"規格\":\"920g／6隻／盒\"}', 1, 'https://diz36nn4q02zr.cloudfront.net/webapi/imagesV3/Original/SalePage/7131761/0/637751075158170000?v=1', '', ''),
(24, '【冷凍店取-天時】冷凍草莓(淨重400g)\r\n', 179, 9999, '{\"成份\":\"草莓\",\"淨重400g\"}', 1, 'https://diz36nn4q02zr.cloudfront.net/webapi/imagesV3/Original/SalePage/6029130/0/637740333642500000?v=1', '', ''),
(25, '【冷凍店取】鮮凍黑莓(200g±10%/包)', 95, 9999, '{\"成份\":\"黑莓\",\"200g±10％／包\"}', 1, 'https://diz36nn4q02zr.cloudfront.net/webapi/imagesV3/Original/SalePage/6363783/0/637744651774400000?v=1', '', ''),
(26, '【生活】運動飲料250ml*24入/箱', 119, 9999, '{\"成份\":\"水、糖、檸檬酸、檸檬酸鈉、天然香料、食鹽、乳酸鈣、氯化鉀、安定劑、氯化鎂\r\n\",\"規格\":\"250ml＊24入／箱\"}', 1, 'https://diz36nn4q02zr.cloudfront.net/webapi/imagesV3/Original/SalePage/7357840/0/637740505066870000?v=1', '', ''),
(27, '【寶工科學玩具Pro’sKit 】3合1變形坦克 \r\n', 1480, 9999, '{\"成份\":\"ABS塑膠\r\n\",\"商品特色\":\"打造地表最強坦克\r\n3種造型變化，坦克車、推高機、夾爪車樂趣多更多100%台灣專利設計及製造DIY模型機構設計親子動手做，關係更親密\"}', 1, 'https://diz36nn4q02zr.cloudfront.net/webapi/imagesV3/Original/SalePage/4696866/0/637619756908370000?v=1', '', ''),
(28, '【寶工科學玩具 Pro’sKit 】太陽能四戰士GE-617\r\n', 500, 9999, '{\"成份\":\"ABS塑膠\r\n\",\"商品特色\":\"太陽動能原理\r\n特色：透過模型機構設計，可組裝4種變化，可學習到太陽能轉電能原理及動力機械力學原理\"}', 1, 'https://diz36nn4q02zr.cloudfront.net/webapi/imagesV3/Original/SalePage/4696871/0/637619756905270000?v=1', '', ''),
(29, '【寶工科學玩具 Pro’sKit 】鹽水動力引擎車\r\n\r\n', 650, 9999, '{\"成份\":\"ABS塑膠\r\n\",\"商品特色\":\"動感十足且看得到的模擬引擎車\r\n只要鹽+水，馬力十足\r\n100%台灣專利設計及製造\r\nDIY模型機構設計\r\n親子動手做，關係更親密\"}', 1, 'https://diz36nn4q02zr.cloudfront.net/webapi/imagesV3/Original/SalePage/4696884/0/637619756785600000?v=1', '', ''),
(30, '牛bubu玩具收納車-英倫限定版\r\n\r\n', 765, 9999, '{\"成份\":\"PP\r\n\",\"商品特色\":\"1.ST安全玩具認證\r\n2.可當滑步車，坐墊掀開可收納玩具\"}', 1, 'https://diz36nn4q02zr.cloudfront.net/webapi/imagesV3/Original/SalePage/4696884/0/637619756785600000?v=1', '', ''),
(31, '【Sayaka紗彌佳】文藝小清新櫻花垂墜銀項鍊', 522, 9999, '{\"成份\":\r\n\"銀\",\r\n\"商品特色\":\r\n\"\r\n櫻花宛如懵懂少女的，安靜得在春天開放，滿樹的白色粉色的櫻花，是對情人訴說愛情的最美語言。\r\n以s925素銀為素材，採用拉絲紋理工藝技術，以手工方式製作而成。\r\n櫻花的外形清新柔美，本品由技藝精湛的師傅以手工細心處理，經過繁複的步驟打造而成。每一個細節都得處理到完美，連花蕊也做的很生動呢!\r\n\"}', 1, 'https://diz36nn4q02zr.cloudfront.net/webapi/imagesV3/Original/SalePage/5490132/0/637624637576400000?v=1', '', ''),
(32, '【台灣高鐵】高鐵插畫四件文具組（藍／黃）', 100, 9999, '{\"成份\":\r\n\"銀\",\r\n\"商品特色\":\r\n\"\r\n台灣高鐵邀請人氣插畫家許匡匡，繪製獨一無二的高鐵插畫！\r\n四件文具組系列共有藍黃兩款，插畫為高鐵列車搭配快樂出遊的旅客。內含免削鉛筆、彩虹筆、12公分尺與橡皮擦，貼心一盒收納必備文具，紙盒背面還印有為學生特製的700T列車日課表，可以剪下來使用喔！\"\r\n\"}', 1, 'https://diz36nn4q02zr.cloudfront.net/webapi/imagesV3/Original/SalePage/3754629/0/637619700332100000?v=1', '', ''),
(33, '【台灣高鐵】高鐵插畫四件文具組（藍／黃）', 100, 9999, '{\"成份\":\r\n\"銀\",\r\n\"商品特色\":\r\n\"\r\n台灣高鐵邀請人氣插畫家許匡匡，繪製獨一無二的高鐵插畫！\r\n四件文具組系列共有藍黃兩款，插畫為高鐵列車搭配快樂出遊的旅客。內含免削鉛筆、彩虹筆、12公分尺與橡皮擦，貼心一盒收納必備文具，紙盒背面還印有為學生特製的700T列車日課表，可以剪下來使用喔！\"\r\n\"}', 1, 'https://diz36nn4q02zr.cloudfront.net/webapi/imagesV3/Original/SalePage/3754629/0/637619700332100000?v=1', '', ''),
(34, '【時光旅人】創意萬花筒時尚鏡面翻蓋懷錶 / 附長鍊', 306, 9999, '{\"成份\":\r\n\"合金\",\r\n\"商品特色\":\r\n\"\r\n青春是一本太倉促的書\r\n翻頁著幾世紀來的流金歲月\r\n而時光卻總是在霎那的恍惚中出現\r\n歡笑也好 寂寞也好\r\n將時間放在口袋裡珍藏，細細品嚐\r\n時光旅人，回憶啟程。\r\n\"}', 1, 'https://diz36nn4q02zr.cloudfront.net/webapi/imagesV3/Original/SalePage/5422318/0/637624637134200000?v=1', '', ''),
(35, '【STAYREAL】小王子知足文字T', 1280, 9999, '{\"成份\":\r\n\"合金\",\r\n\"商品特色\":\r\n\"\r\n洗滌保養說明與注意事項：\r\n反面套洗衣袋、不浸泡洗滌、洗後請脫水脫乾立即晾曬。※禁止浸泡造成布料移染。\r\n請勿使用溫熱水、含增色漂白成分的強效洗劑洗滌。\r\n請晾曬時於陰暗處進行晾曬，避免於陽光下直接曝曬。\r\n深色與淺色衣物務必分開清洗。\r\n深色衣物洗滌時會釋放出多餘固色劑與染料均為正常現象。\r\n\"}', 1, 'https://diz36nn4q02zr.cloudfront.net/webapi/imagesV3/Original/SalePage/6516609/0/637739480173370000?v=1', '', ''),
(36, '高鐵造型飲料提袋', 250, 9999, '{\"成份\":\r\n\"聚酯纖維、棉布、金屬、（填充物）100％聚酯纖維\r\n\",\r\n\"商品特色\":\r\n\"\r\n高鐵造型飲料提袋，柔軟觸感的絨毛材質，搭配Q版的列車造型，平時可掛包包做為裝飾，使用時只要將收納在列車中的提袋取出，側邊還可以放置吸管，可愛兼具環保，讓小小高鐵陪您一起度過悠閒的午茶時光。\r\n\"}', 1, 'https://diz36nn4q02zr.cloudfront.net/webapi/imagesV3/Original/SalePage/5535468/0/637632473184570000?v=1', '', ''),
(37, '柯南M24提袋', 300, 9999, '{\"成份\":\r\n\"聚酯纖維、棉布、金屬、（填充物）100％聚酯纖維\r\n\",\r\n\"商品特色\":\r\n\"\r\n輕鬆收納各式隨身物品，上班上課、逛街喝咖啡，都很適合，方便實用。\r\n\"}', 1, 'https://diz36nn4q02zr.cloudfront.net/webapi/imagesV3/Original/SalePage/6881364/0/637696312734530000?v=1', '', ''),
(38, '【HelloKitty】直式PU手提袋1入', 229, 9999, '{\"成份\":\r\n\"PU布\r\n\",\r\n\"商品特色\":\r\n\"\r\n正版授權\r\n便當袋、手提袋兩用\r\n\"}', 1, 'https://diz36nn4q02zr.cloudfront.net/webapi/imagesV3/Original/SalePage/6811451/0/637738610390630000?v=1', '', ''),
(39, '【寶可夢】橫式手提袋1入', 229, 9999, '{\"成份\":\r\n\"PU布\r\n\",\r\n\"商品特色\":\r\n\"\r\n正版授權\r\n便當袋、手提袋兩用\r\n\"}', 1, 'https://diz36nn4q02zr.cloudfront.net/webapi/imagesV3/Original/SalePage/7053015/0/637660499731630000?v=1', '', ''),
(40, '【HelloKitty】三明治網餃型手提袋1入', 149, 9999, '{\"成份\":\r\n\"\r\n三明治網布\r\n\",\r\n\"商品特色\":\r\n\"\r\n正版授權\r\n便當袋、手提袋兩用\r\n\"}', 1, 'https://diz36nn4q02zr.cloudfront.net/webapi/imagesV3/Original/SalePage/6811450/0/637660497402170000?v=1', '', ''),
(41, '【STAYREAL】重啟第二人生雙色連帽T-咖啡-黑標', 2289, 9999, '{\"成份\":\r\n\"\r\n三明治網布\r\n\",\r\n\"商品特色\":\r\n\"\r\n也許會有某一首歌，能讓迷惘的你找到解答\r\nPLANA系列首度公開「音樂是本解答書」用音樂注入正能量\r\n集結阿信在音樂世界中喜愛的詞彙與執著信念，轉換成療癒正能量融入在服飾設計中\r\n\"}', 1, 'https://diz36nn4q02zr.cloudfront.net/webapi/imagesV3/Original/SalePage/6811450/0/637660497402170000?v=1', '', ''),
(42, '【五月天Mayday】好多好多菜頭粿陪你好好睡好家居便服\r\n', 950, 9999, '{\"成份\":\r\n\"\r\n80％COTTON／20％POLYESTER\r\n\",\r\n\"商品特色\":\r\n\"\r\n2020五月天好好好想見你演唱現場限定商品\r\n\"}', 1, 'https://diz36nn4q02zr.cloudfront.net/webapi/imagesV3/Original/SalePage/6753602/0/637629936273630000?v=1', '', ''),
(43, '【STAYREAL】搖滾本事雙側拉鍊寬版T-黃-黑標\r\n', 1480, 9999, '{\"成份\":\r\n\"\r\n80％COTTON／20％POLYESTER\r\n\",\r\n\"商品特色\":\r\n\"\r\n也許會有某一首歌，能讓迷惘的你找到解答\r\nPLANA系列首度公開「音樂是本解答書」用音樂注入正能量\r\n集結阿信在音樂世界中喜愛的詞彙與執著信念，轉換成療癒正能量融入在服飾設計中\r\n\"}', 1, 'https://diz36nn4q02zr.cloudfront.net/webapi/imagesV3/Original/SalePage/6655283/0/637619760083870000?v=1', '', ''),
(44, '【STAYREAL】搖滾本事厚棉T-黑-黑標\r\n', 2080, 9999, '{\"成份\":\r\n\"\r\n84％棉＋16％聚酯纖維\r\n\",\r\n\"商品特色\":\r\n\"\r\n也許會有某一首歌，能讓迷惘的你找到解答\r\nPLANA系列首度公開「音樂是本解答書」用音樂注入正能量\r\n集結阿信在音樂世界中喜愛的詞彙與執著信念，轉換成療癒正能量融入在服飾設計中\r\n\"}', 1, 'https://diz36nn4q02zr.cloudfront.net/webapi/imagesV3/Original/SalePage/6655281/0/637619760086030000?v=1', '', ''),
(45, '【ＪＯＪＯＧＯ】風衣式飛行衝鋒衣(女款-質感黑)', 2080, 9999, '{\"成份\":\r\n\"\r\n聚酯纖維＋荷葉式防水塗層\r\n\",\r\n\"商品特色\":\r\n\"\r\n今年冬天...一件就夠...\r\n無畏寒冬!無懼風雨! 強效顯瘦! 帥氣有型!\r\n告別臃腫,讓你瞬間顯瘦的衝鋒外套!\r\n獨家打版風衣感設計,修飾腰圍及臀圍!\r\n機車族必備!隱藏式手套更抗寒\r\n多格口袋讓你手機,口罩,皮夾,鑰匙,行動電源,面紙濕紙巾通通秒收秒拿!\r\n極度保暖,防風防水,耐磨透氣\r\n質感x暖感兼具!\r\n\"}', 1, 'https://diz36nn4q02zr.cloudfront.net/webapi/imagesV3/Original/SalePage/7479242/0/637753310573570000?v=1', '', ''),
(46, '離島宅配【紳-THE GENTRY】時尚紳士男性領帶六件禮盒套組-斜紋藍白三色款', 608, 9999, '{\"成份\":\r\n\"\r\n領帶／西裝袋巾－聚酯纖維；領帶夾、袖扣－不銹鋼\r\n\",\r\n\"商品特色\":\r\n\"\r\n時尚的西服風格配飾-適合正式和商務場合\r\n\"}', 1, 'https://diz36nn4q02zr.cloudfront.net/webapi/imagesV3/Original/SalePage/6371608/0/637619710189200000?v=1', '', ''),
(47, '柯南壓克力吊飾', 250, 9999, '{\"成份\":\r\n\"\r\n領帶／西裝袋巾－聚酯纖維；領帶夾、袖扣－不銹鋼\r\n\",\r\n\"商品特色\":\r\n\"\r\n超Q壓克力吊飾，買回家讓喜愛的角色陪伴你吧～\r\n時下最流行的熱門商品可掛在包包上帶出門，讓喜愛的人物無時無刻都能陪著你~\r\n\"}', 1, 'https://diz36nn4q02zr.cloudfront.net/webapi/imagesV3/Original/SalePage/6882047/0/637632472994700000?v=1', '', ''),
(48, '【坂井．亞希子】金屬裝飾布藝毛邊髮箍', 306, 9999, '{\"成份\":\r\n\"\r\n樹酯、合金、布料\r\n\",\r\n\"商品特色\":\r\n\"\r\n以優雅的質感材質 將可愛的設計於成年女孩心中\r\n\"}', 1, 'https://diz36nn4q02zr.cloudfront.net/webapi/imagesV3/Original/SalePage/6526134/0/637619756246070000?v=1', '', ''),
(49, '【坂井．亞希子】優雅氣質雪紡珍珠鑲鑽墜飾造型髮圈', 234, 9999, '{\"成份\":\r\n\"\r\n樹酯、合金、布料\r\n\",\r\n\"商品特色\":\r\n\"\r\n雪紡、合金、水鑽、人造珍珠\r\n\"}', 1, 'https://diz36nn4q02zr.cloudfront.net/webapi/imagesV3/Original/SalePage/6217093/0/637619739949470000?v=1', '', ''),
(50, '離島宅配【坂井．亞希子】清透海洋鑲鑽頸鍊', 311, 9999, '{\"成份\":\r\n\"\r\n合金、水鑽\r\n\",\r\n\"商品特色\":\r\n\"\r\n以優雅的質感材質 將可愛的設計於成年女孩心中\r\n\"}', 1, 'https://diz36nn4q02zr.cloudfront.net/webapi/imagesV3/Original/SalePage/5896697/0/637624639122000000?v=1', '', ''),
(51, '【PSK深海美肌專家】淨顏控油平衡化妝水，150ml', 600, 9999, '{\"成份\":\r\n\"\r\nAC．NET™（皮脂調理因子）、類神經醯胺（Ceramide CompleＸ）、歐洲七葉樹籽（舒緩泛紅）、洋甘菊萃取、Zinc PCA（減少皮脂阻塞）、菸鹼胺 （Niacinamide維他命B3）提升防禦力\r\n\",\r\n\"商品特色\":\r\n\"\r\n雙主成分ACNET+類神經醯胺\r\n◆油水平衡，增強肌膚屏障功能\r\n◆不含酸類，植萃調理油脂分泌\r\n◆歐洲七葉樹子-加強肌膚更新\r\n◆ZincPCA有效控油平衡肌膚\r\n\"}', 1, 'https://diz36nn4q02zr.cloudfront.net/webapi/imagesV3/Original/SalePage/7371679/0/637739483279330000?v=1', '', ''),
(52, '【PSK深海美肌專家】深層潔淨保濕卸妝膏，80g', 464, 9999, '{\"成份\":\r\n\"\r\nAC．NET™（皮脂調理因子）、類神經醯胺（Ceramide CompleＸ）、歐洲七葉樹籽（舒緩泛紅）、洋甘菊萃取、Zinc PCA（減少皮脂阻塞）、菸鹼胺 （Niacinamide維他命B3）提升防禦力\r\n\",\r\n\"商品特色\":\r\n\"\r\n◆專為台灣女生膚質研發，全臉可卸\r\n◆膏狀質地輕柔不油膩，濃妝輕鬆卸\r\n◆添加保養成分，守護肌膚\r\n◆不薰眼，卸完保有肌膚持水度\r\n\"}', 1, 'https://diz36nn4q02zr.cloudfront.net/webapi/imagesV3/Original/SalePage/7371691/0/637722242734270000?v=1', '', ''),
(53, '【PSK深海美肌專家】激光透亮化妝水，150ml', 624, 9999, '{\"成份\":\r\n\"\r\n珍珠萊姆、Thiostim ™（更新因子）、甜菜根保濕因子、維生素 B3、Anasensyl LS 9322（草本植萃）\r\n\",\r\n\"商品特色\":\r\n\"\r\n◆澳洲珍珠萊姆萃取\r\n◆幫助肌膚更新力，後續保養好吸收\r\n◆收斂毛孔，安撫肌膚\r\n◆可濕敷有效提亮膚色\r\n\"}', 1, 'https://diz36nn4q02zr.cloudfront.net/webapi/imagesV3/Original/SalePage/7371683/0/637739483267600000?v=1', '', ''),
(54, '【PSK深海美肌專家】激光透亮化妝水，150ml', 624, 9999, '{\"成份\":\r\n\"\r\n珍珠萊姆、Thiostim ™（更新因子）、甜菜根保濕因子、維生素 B3、Anasensyl LS 9322（草本植萃）\r\n\",\r\n\"商品特色\":\"◆澳洲珍珠萊姆萃取\r\n◆幫助肌膚更新力，後續保養好吸收\r\n◆收斂毛孔，安撫肌膚\r\n◆可濕敷有效提亮膚色\r\n\"}', 1, 'https://diz36nn4q02zr.cloudfront.net/webapi/imagesV3/Original/SalePage/7371683/0/637739483267600000?v=1', '', ''),
(56, '【韓國SELPA】民族風旅遊洗漱化妝包', 390, 9999, '{\"成份\":\r\n\"\r\n珍珠萊姆、Thiostim ™（更新因子）、甜菜根保濕因子、維生素 B3、Anasensyl LS 9322（草本植萃）\r\n\",\r\n\"商品特色\":\"\r\n神加的洗漱化妝包,展現出便利性的設計概念,人性化的多層收納功能,另有特別的分離式網袋,放一些細小物品,如塑膠卡片,身份證,容易找到,乾溼用品亦分離擺放.\r\n\"}', 1, 'https://diz36nn4q02zr.cloudfront.net/webapi/imagesV3/Original/SalePage/4744286/0/637619750694130000?v=1', '', ''),
(57, '【森田藥粧】深層卸妝棉48片', 69, 9999, '{\"成份\":\r\n\"\r\n48片裝\r\n\",\r\n\"商品特色\":\"\r\n植物纖維材質\r\n最輕鬆迅速的新卸妝法，輕輕一擦，\r\n口紅、眼影、彩妝徹底清潔卸去，\r\n肌膚乾淨無負擔\r\n\"}', 1, 'https://diz36nn4q02zr.cloudfront.net/webapi/imagesV3/Original/SalePage/6628903/0/637739523148770000?v=1', '', ''),
(58, '【LEPONT】USB LED心型化妝鏡檯燈', 799, 9999, '{\"成份\":\r\n\"\r\n900G\r\n\",\r\n\"商品特色\":\"\r\n●最棒的節日交換禮物\r\n●情人節專屬限定小禮物\r\n●晚上陪伴寶寶的溫暖小物\r\n●北歐風格創意LED燈物\r\n●LED光源.不會發熱.節能省碳愛地球\r\n●USB供電.方便節能\r\n●點量您的氛圍.保持好心情\r\n\"}', 1, 'https://diz36nn4q02zr.cloudfront.net/webapi/imagesV3/Original/SalePage/7476344/0/637744859310070000?v=1', '', ''),
(59, '【皇家洛克】日本熱賣５件套廚具料理盆，SD6101-1', 459, 9999, '{\"成份\":\r\n\"\r\n900G\r\n\",\r\n\"商品特色\":\"\r\n●家用、野營、登山等不管在哪裡都可使用\r\n●5種規格可選擇性使用，可層層疊加收納\r\n●採用優質不鏽鋼材質，堅固耐用耐腐蝕\r\n●可用於拌沙拉、料理食物、盛放水果都是不錯的選擇~\r\n\"}', 1, 'https://diz36nn4q02zr.cloudfront.net/webapi/imagesV3/Original/SalePage/7445636/0/637745618477000000?v=1', '', ''),
(60, '【Unique Art】EASY KITCHEN可拆式料理用具3件組\r\n', 360, 9999, '{\"成份\":\r\n\"\r\n900G\r\n\",\r\n\"商品特色\":\"\r\n功能多樣、方便、快捷，適合現代家庭基本的廚用需求，削皮、刨絲、開瓶三種功能一次擁有，快速備料好幫手，環扣設計、收納方便，專為現代廚房設計創意巧思。\r\n\"}', 1, 'https://diz36nn4q02zr.cloudfront.net/webapi/imagesV3/Original/SalePage/6527641/0/637619746313730000?v=1', '', ''),
(61, '【牛頭牌】有福三效隔熱碗-金福紅，贈雅潔餐具組(湯匙/不銹鋼筷/餐具袋)\r\n', 529, 9999, '{\"成份\":\r\n\"\r\n不鏽鋼（JISSUS304）＋食品級塑料PP（聚丙烯）\r\n\",\r\n\"商品特色\":\"\r\n60年台灣品牌製造\r\n適合家用，密封大容量\r\n雙層結構、保溫效果佳\r\n密封蓋設計，保存食材新鮮\r\n福字設計，自用送禮相宜\r\nSGS及美國FDA認證\r\n\"}', 1, 'https://diz36nn4q02zr.cloudfront.net/webapi/imagesV3/Original/SalePage/7492784/0/637750136936870000?v=1', '', ''),
(62, '【牛頭牌】有福三效隔熱碗-璀璨白，贈雅潔餐具組(湯匙/不銹鋼筷/餐具袋)\r\n', 529, 9999, '{\"成份\":\r\n\"\r\n不鏽鋼（JISSUS304）＋食品級塑料PP（聚丙烯）\r\n\",\r\n\"商品特色\":\"\r\n60年台灣品牌製造\r\n適合家用，密封大容量\r\n雙層結構、保溫效果佳\r\n密封蓋設計，保存食材新鮮\r\n福字設計，自用送禮相宜\r\nSGS及美國FDA認證\r\n\"}', 1, 'https://diz36nn4q02zr.cloudfront.net/webapi/imagesV3/Original/SalePage/7492785/0/637750137030530000?v=1', '', ''),
(63, '【家適帝ＪＵＳＴＹ】３０４不銹鋼水槽瀝水廚房收納架雙槽\r\n', 899, 9999, '{\"成份\":\r\n\"\r\n不鏽鋼（JISSUS304）＋食品級塑料PP（聚丙烯）\r\n\",\r\n\"商品特色\":\"\r\n※使用304食品級不銹鋼材質，堅固耐用且不易生鏽\r\n※防滑腳墊，可防止碗架滑動。\r\n\"}', 1, 'https://diz36nn4q02zr.cloudfront.net/webapi/imagesV3/Original/SalePage/6665860/0/637660502571300000?v=1', '', ''),
(64, '【SILWA西華】黑晶鑽三件式刀具組，C98004-1+C98004-2+C98004-3\r\n', 799, 9999, '{\"成份\":\r\n\"\r\n不鏽鋼、碳元素鍍膜、不鏽鋼聚丙烯PP手柄\r\n\",\r\n\"商品特色\":\"\r\n1.使用後請清洗乾淨\r\n2.避免用鐵刷、菜瓜布等硬物清洗\r\n3.洗淨後請用軟布由刀背朝刀鋒方向擦拭\r\n4.請放置小孩不易拿取之處以避免危險\r\n5.請勿將切刀當成剁刀使用\r\n\"}', 1, 'https://diz36nn4q02zr.cloudfront.net/webapi/imagesV3/Original/SalePage/7227791/0/637660502087630000?v=1', '', ''),
(65, '【寵喵樂】紓壓舔舔樂球(貓薄荷)，尺寸:4.5*4.5*4cm\r\n', 99, 9999, '{\"成份\":\r\n\"\r\n猫薄荷\r\n\",\r\n\"商品特色\":\"\r\n新鮮貓薄荷壓縮而成.無任何添加劑.防腐劑!\r\n同時具備運動.化毛.舒壓三種功效.貓咪超愛喔!!\r\n\"}', 1, 'https://diz36nn4q02zr.cloudfront.net/webapi/imagesV3/Original/SalePage/7415236/0/637739521161670000?v=1', '', ''),
(66, '【YSS】馬卡龍透明耐刮寵物果凍提包側背包-中型\r\n', 1480, 9999, '{\"成份\":\r\n\"\r\nPU、牛津布\r\n\",\r\n\"商品特色\":\"\r\n◆附舒適長絨毛透氣底墊\r\n◆兩側透氣網格，透氣不悶熱\r\n\"}', 1, 'https://diz36nn4q02zr.cloudfront.net/webapi/imagesV3/Original/SalePage/5924182/0/637619756156230000?v=1', '', ''),
(67, '【寵喵樂】貓薄荷-分身魚造型玩具，尺寸:16*7cm(頭 8*7.5cm、尾10*6cm)', 99, 9999, '{\"成份\":\r\n\"\r\n貓薄荷／絨布\r\n\",\r\n\"商品特色\":\"\r\n香氣與耐久度為一般棉花填充的20倍，\r\n即使咬破內容物也是100%可以讓貓咪食用的魚食材喔!\r\n\"}', 1, 'https://diz36nn4q02zr.cloudfront.net/webapi/imagesV3/Original/SalePage/7415226/0/637726535515370000?v=1', '', ''),
(68, '【JohoE嚴選】愛麗絲城堡側邊透明耐刮寵物果凍背包\r\n', 2160, 9999, '{\"成份\":\r\n\"\r\nPVC、帆布、三明治網布\r\n\",\r\n\"商品特色\":\"\r\n◆雙重防逃逸設計\r\n◆上肩帶可調節\r\n\"}', 1, 'https://diz36nn4q02zr.cloudfront.net/webapi/imagesV3/Original/SalePage/5989848/0/637619727310030000?v=1', '', ''),
(69, '【我有貓】大丁香魚，30g*1', 89, 9999, '{\"成份\":\r\n\"\r\nPVC、帆布、三明治網布\r\n\",\r\n\"商品特色\":\"\r\n◆雙重防逃逸設計\r\n◆上肩帶可調節\r\n\"}', 1, 'https://diz36nn4q02zr.cloudfront.net/webapi/imagesV3/Original/SalePage/7415229/0/637739521212600000?v=1', '', ''),
(70, '【好運】Ａ大紅麴，60粒/盒', 1199, 9999, '{\"成份\":\r\n\"\r\n每粒含膠囊重500毫克×60粒／盒。\r\n\",\r\n\"商品特色\":\"\r\n1同包裝入數單顆均價較有優勢\r\n2素食食用者可服用\r\n3納豆激？活性20000FU/g每份含量600Fu\r\n\"}', 1, 'https://diz36nn4q02zr.cloudfront.net/webapi/imagesV3/Original/SalePage/7101685/0/637660498708530000?v=1', '', ''),
(71, '【鐵目真】晶采大吟釀薑黃飲30ml*10入/盒\r\n', 1199, 9999, '{\"成份\":\r\n\"\r\n水、高活性發酵薑黃液、黑豆種皮萃取花青素、蔗糖、蘋果濃縮汁、金盞花葉黃素（辛烯基丁二酸鈉澱粉、葡萄糖、蔗糖、葉黃素（來源Tagetesereca）、維生素C（抗氧化劑）、水）、香料、金盞花萃取物（蔗糖、辛烯基丁二酸鈉澱粉、金盞花萃取物（含玉米黃素））、玉米糖膠、菊花萃取物、枸杞萃取物\r\n\",\r\n\"商品特色\":\"\r\n【來自研究室學者的私房飲品 成就您日常裡的綠意盎然】\r\n採用傳統製酒術製作的頂級發酵AI薑黃液，調製出香甜好入喉的薑黃飲，打破傳統薑黃辛辣的口感\r\n添加FloraGLO？游離型葉黃素加上ZeaONE？游離型玉米黃素，晶亮保健的絕佳拍檔。\r\n適合用眼過度的上班族、學生、夜貓族與花甲族，鐵目真都能守護您的眼睛健康\r\n\"}', 1, 'https://diz36nn4q02zr.cloudfront.net/webapi/imagesV3/Original/SalePage/7078088/0/637631543968930000?v=1', '', ''),
(72, '【鐵牛】養生滋補龜鹿飲禮盒(1kg/盒)', 1199, 9999, '{\"成份\":\r\n\"\r\n純水、濃縮液（龜板、鹿角、人參、枸杞、黃精、杜仲葉、甘草、龍眼肉、大棗）、蜂蜜、葡萄糖胺、乳酸鈣、菊糖、大豆萃取物（含麥芽糊精）、膠原蛋白、蜂蜜香精、楊梅香精、甘草萃（甜味劑）、蔗糖素（甜味劑）、維生素D3混合物（修飾食用澱粉、蔗糖、維生素C（抗壞血酸鈉）、中鏈三酸甘油脂、二氧化矽、維生素E、維生素D3結晶）\r\n\",\r\n\"商品特色\":\"\r\n國家認證，業界首支健字號『衛部健食字第A00333號』\r\n經動物實驗證實：攝取本品可能有助於延緩骨流失。\r\n深入產地，嚴選食材\r\n原料道地、非保育類\r\n經120小時連續熬煮濃縮。\r\n通過國際檢驗標準\r\n身手矯健、靈活自如\r\n8日有感 滋養您的關鍵人生!\r\n\"}', 1, 'https://diz36nn4q02zr.cloudfront.net/webapi/imagesV3/Original/SalePage/6336948/0/637619763231270000?v=1', '', ''),
(73, '【台糖】蜆精 (62ml/瓶；8瓶/盒)', 449, 9999, '{\"成份\":\r\n\"\r\n蜆萃取液、九層塔香粉\r\n\",\r\n\"商品特色\":\"\r\n台糖蜆精選用花蓮活水養殖高品質之黃金蜆。香濃甘醇而略帶鹹味、無腥味，含人體易吸收的天然蛋白質，有助於延緩疲勞發生之功效。\r\n\"}', 1, 'https://diz36nn4q02zr.cloudfront.net/webapi/imagesV3/Original/SalePage/2465279/0/637713570349400000?v=1', '', ''),
(74, '【鱘寶symbol sturgeon】鱘龍骨膠原凍(50g)6入/盒', 2780, 9999, '{\"成份\":\r\n\"\r\n蜆萃取液、九層塔香粉\r\n\",\r\n\"商品特色\":\"\r\n縱得滿漢山中熊掌、不如千里江中鱘鳇。\r\n嚴選 高山淨水的無毒養殖\r\n淬鍊 鱘龍魚骨全營養價值\r\n誕生 燕窩般的鱘骨膠原凍\r\n無腥味處理技術，無化學添加物，無重金屬，無藥物殘留，無添加西藥成份，低GI健康滋味，富含豐富膠原蛋白、軟骨素、葡萄糖胺、胺基酸、玻尿酸等天然營養價值。\r\n\"}', 1, 'https://diz36nn4q02zr.cloudfront.net/webapi/imagesV3/Original/SalePage/6153304/0/637619700570300000?v=1', '', ''),
(75, '【鱘寶symbol sturgeon】鱘龍骨膠原凍(50g)30入/盒\r\n', 2780, 9999, '{\"成份\":\r\n\"\r\n水、鱘龍魚骨、龍舌蘭、糖漿、蜂蜜\r\n\",\r\n\"商品特色\":\"\r\n縱得滿漢山中熊掌、不如千里江中鱘鳇。\r\n嚴選 高山淨水的無毒養殖\r\n淬鍊 鱘龍魚骨全營養價值\r\n誕生 燕窩般的鱘骨膠原凍\r\n無腥味處理技術，無化學添加物，無重金屬，無藥物殘留，無添加西藥成份，低GI健康滋味，富含豐富膠原蛋白、軟骨素、葡萄糖胺、胺基酸、玻尿酸等天然營養價值。\r\n\"}', 1, 'https://diz36nn4q02zr.cloudfront.net/webapi/imagesV3/Original/SalePage/6153309/0/637619700568430000?v=1', '', ''),
(76, '【阿瑋傳統美食坊】6包排骨酥湯(300g/包)(熟)\r\n', 996, 9999, '{\"成份\":\r\n\"\r\n豬軟骨丁、豬小排\r\n\",\r\n\"商品特色\":\"\r\n▲堅持用好肉，嚴選每隻豬僅產2~3台斤之豬軟骨丁，細細熬煮，更是肉鮮味美，入口即化。\r\n▲堅持用好油，精挑知名廠商優良油品，並定時更換，為您的健康嚴格把關。\r\n▲堅持用好心，恪遵古法，堅持每個繁複步驟的小細節，讓您每一口都滿溢幸福的滋味。\r\n\"}', 1, 'https://diz36nn4q02zr.cloudfront.net/webapi/imagesV3/Original/SalePage/6367877/0/637619752649700000?v=1', '', ''),
(77, '離島-【原樸】鹹酥雞-正宗台灣味傳統小吃，塔香風味（20包組）', 2900, 9999, '{\"成份\":\r\n\"\r\n豬軟骨丁、豬小排\r\n\",\r\n\"商品特色\":\"\r\n杏鮑菇、鹿茸菇、黃地瓜、紫地瓜、蒜片、四季豆、高麗菜、玉米筍、青花菜、雞皮、芥花油、麥芽糖（食用澱粉）、鹽、碘鹽、味精（調味劑）、玉米澱粉（非基因改造）、胺基乙酸（調味劑）、DL－胺基丙酸（調味劑）、琥珀酸二鈉（調味劑）、5－次黃嘌呤核苷磷酸二鈉5－鳥嘌呤核苷磷酸二鈉（調味劑）、白胡椒、羅勒葉、大蒜、辣椒、H．V．P（水解職務蛋白）（非基因改造）、二氧化矽（品質改良劑）、甘草酸銨（甜味劑）、香料。\r\n\"}', 1, 'https://diz36nn4q02zr.cloudfront.net/webapi/imagesV3/Original/SalePage/6464283/0/637619709563900000?v=1', '', ''),
(78, '【原樸】鹹蔬姬-正宗台灣味傳統小吃，塔香風味（五辛素）＊20包\r\n', 2900, 9999, '{\"成份\":\r\n\"\r\n杏鮑菇、鹿茸菇、黃地瓜、紫地瓜、蒜片、四季豆、高麗菜、玉米筍、青花菜、豆皮、芥花油、麥芽糖（食用澱粉）、鹽、碘鹽、味精（調味劑）、玉米澱粉（非基因改造）、胺基乙酸（調味劑）、DL－胺基丙酸（調味劑）、琥珀酸二鈉（調味劑）、5－次黃嘌呤核苷磷酸二鈉5－鳥嘌呤核苷磷酸二鈉（調味劑）、白胡椒、羅勒葉、大蒜、辣椒、H．V．P（水解職務蛋白）（非基因改造）、二氧化矽（品質改良劑）、甘草酸銨（甜味劑）、香料。\r\n\",\r\n\"商品特色\":\"\r\n正宗台灣味傳統小吃--塔香鹹蔬姬（五辛素）\r\n突然想吃鹹酥雞？難道只能叫外賣？\r\nNo!No!No!如果你還不知道這個，那你真的落伍啦！\r\n♥嚴選台灣在地食材，並以獨特還原低溫脫油技術，獨家推出「塔香鹹蔬姬餅乾」，鹹蔬姬使用日曬手做豆皮新鮮製成，加上秘製塔香調味粉，並以獨特還原低溫脫油技術，完美還原炸豆皮的酥、脆、香，和蔬果的清甜和口感，就像真的在吃鹹酥雞一樣，卻一點都不油膩，越吃越唰嘴，當下酒菜、小零嘴都超適合。\r\n♥我們已經幫你把【多種蔬菜】和鹽酥雞攤點菜最受歡迎的【豆皮】做成餅乾了！\r\n隨手就有！想吃就吃！完全不麻煩也無負擔！\r\n\"}', 1, 'https://diz36nn4q02zr.cloudfront.net/webapi/imagesV3/Original/SalePage/6464280/0/637619713553830000?v=1', '', ''),
(79, '離島-【原樸】鹹酥雞 & 鹹蔬姬-正宗台灣味傳統小吃，塔香風味（各10包）\r\n', 2900, 9999, '{\"成份\":\r\n\"\r\n杏鮑菇、鹿茸菇、黃地瓜、紫地瓜、蒜片、四季豆、高麗菜、玉米筍、青花菜、豆皮、芥花油、麥芽糖（食用澱粉）、鹽、碘鹽、味精（調味劑）、玉米澱粉（非基因改造）、胺基乙酸（調味劑）、DL－胺基丙酸（調味劑）、琥珀酸二鈉（調味劑）、5－次黃嘌呤核苷磷酸二鈉5－鳥嘌呤核苷磷酸二鈉（調味劑）、白胡椒、羅勒葉、大蒜、辣椒、H．V．P（水解職務蛋白）（非基因改造）、二氧化矽（品質改良劑）、甘草酸銨（甜味劑）、香料。\r\n\",\r\n\"商品特色\":\"\r\n正宗台灣味傳統小吃--塔香鹹酥雞&鹹蔬姬\r\n突然想吃鹹酥雞？難道只能叫外賣？\r\nNo!No!No!如果你還不知道這個，那你真的落伍啦！\r\n♥嚴選台灣在地食材，並以獨特還原低溫脫油技術，獨家推出「塔香鹹酥雞餅乾」，鹹酥雞使用全雞中腿、胸皮，加上秘製塔香調味粉，鹹蔬姬使用日曬手做豆皮新鮮製成，並以獨特還原低溫脫油技術，完美還原炸雞皮與炸豆皮的酥、脆、香，和蔬果的清甜和口感，就像真的在吃鹹酥雞一樣，卻一點都不油膩，越吃越唰嘴，當下酒菜、小零嘴都超適合。\r\n♥我們已經幫你把【多種蔬菜】和鹽酥雞攤點菜第一名的【雞皮】做成餅乾了！\r\n隨手就有！想吃就吃！完全不麻煩也無負擔！\r\n\"}', 1, 'https://diz36nn4q02zr.cloudfront.net/webapi/imagesV3/Original/SalePage/6464285/0/637619709562930000?v=1', '', ''),
(80, '【冷凍店取—享吃好食】紐奧良風味熟化雞腿排150±15g\r\n', 2900, 9999, '{\"成份\":\r\n\"\r\n雞腿排、水、調味料（糖、鹽、香料、L－天門冬酸鈉、胺基乙酸、DL－胺基丙酸、5－次黃嘌呤核？磷酸二鈉、5－鳥嘌呤核？磷酸二鈉、琥珀酸二鈉、麥芽糊精、蒜、二氧化矽、洋蔥、玉米粉、辣椒、黑胡椒、大豆油、卵磷脂、乳酸、芥花油、辣椒抽出物、單及雙脂肪酸甘油二乙醯酒石酸酯、胡椒抽出物、蒜頭抽出物、奧勒岡葉、羅勒葉、迷迭香葉、馬郁蘭葉、洋香菜葉）、磷酸二澱粉、D－木醣、甜味劑（D－山梨醇液70％、D－山梨醇、蔗糖素）、品質改良劑（多磷酸鈉、焦磷酸鈉、偏磷酸鉀）、食用黃色五號\r\n\",\r\n\"商品特色\":\"\r\n去骨雞腿排手工規格化分切，紐奧良風味醬汁醃漬，經燒烤熟化後單片真空包裝，並急速凍結保鮮，食用前冷藏解凍，以烤箱或氣炸鍋復熱，即可快速享用美味佳餚!\r\n\"}', 1, 'https://diz36nn4q02zr.cloudfront.net/webapi/imagesV3/Original/SalePage/7059884/0/637750087534670000?v=1', '', ''),
(81, '【冷凍店取—上野物產】經典國宴小吃蛋黃芋丸135g±10%/5顆/包\r\n', 42, 9999, '{\"成份\":\r\n\"\r\n芋頭、麵粉、鹹蛋黃、糖、沙拉油、鹽、麵包粉\r\n\",\r\n\"商品特色\":\"\r\n口感軟Q香酥有嚼勁\r\n蛋黃鹹香更有滋味\r\n不須解凍直接油炸\r\n\"}', 1, 'https://diz36nn4q02zr.cloudfront.net/webapi/imagesV3/Original/SalePage/6876953/0/637735170048700000?v=1', '', ''),
(82, '【老食說】中壇元帥彩繪麥芽餅乾，60支/桶\r\n', 1680, 9999, '{\"成份\":\r\n\"\r\n麵粉,砂糖,黑糖,麥芽糖,植物油,蘋果酸,梅粉,太白粉,紅色6號食用色素\r\n\",\r\n\"商品特色\":\"\r\n極具特色的神尊彩繪圖樣，刻畫在兒時回憶的黏牙麥芽餅上，\r\n不管拜拜祝壽或是送禮都適合。\r\n\"}', 1, 'https://diz36nn4q02zr.cloudfront.net/webapi/imagesV3/Original/SalePage/7152966/0/637618496792100000?v=1', '', ''),
(83, '【上友】奇亞籽餅乾，180g', 99, 9999, '{\"成份\":\r\n\"\r\n小麥麵粉、植物油（未氫化）、黑芝麻、奇亞籽（鼠尾草籽）、岩鹽、酵母粉、小蘇打。※對花生等核果過敏者應小心食用※\r\n\",\r\n\"商品特色\":\"\r\n《自然主義》食品界當紅小生—奇亞籽\r\n1. 加入豐富纖維營養「奇亞籽」！\r\n2.自然發酵的小麥經過烘烤，穀物香氣四散的健康口感\r\n3. 不含防腐劑與人工色素\r\n4. 輕巧包裝，單包裝內含三片，份量恰恰好\r\n5. 下午吃的飽，下班沒煩惱(不是加班)\r\n\"}', 1, 'https://diz36nn4q02zr.cloudfront.net/webapi/imagesV3/Original/SalePage/7152966/0/637618496792100000?v=1', '', ''),
(84, '【上友】藜麥紫菜餅乾，180g', 99, 9999, '{\"成份\":\r\n\"\r\n小麥麵粉（未漂白）、棕櫚油（未氫化）、糖、蕎麥、紫菜、奇亞籽（鼠尾草籽）、岩鹽、酵母粉、碳酸氫鈉（食用小蘇打）\r\n\",\r\n\"商品特色\":\"\r\n•蕎麥X紫菜X奇亞籽\r\n•嚴選澳洲優質小麥，最天然的純淨的麥香\r\n•遵循自然發酵熟成烘焙，散發出麵粉獨特的香氣\r\n•使用的無氫化的棕櫚油，給您最無負擔的享受\r\n•加入紫菜及超級食物-奇亞籽，一片接一片，久吃不厭\r\n\"}', 1, 'https://diz36nn4q02zr.cloudfront.net/webapi/imagesV3/Original/SalePage/7152966/0/637618496792100000?v=1', '', ''),
(85, '【匠菓子】小圓造型餅乾(130g/包)\r\n', 79, 9999, '{\"成份\":\r\n\"\r\n小麥麵粉（未漂白）、棕櫚油（未氫化）、糖、蕎麥、紫菜、奇亞籽（鼠尾草籽）、岩鹽、酵母粉、碳酸氫鈉（食用小蘇打）\r\n\",\r\n\"商品特色\":\"\r\n可愛小巧造型餅乾，濃濃奶香，大人小孩都愛。\r\n精緻小包裝，一包只有孩子巴掌大，隨身攜帶好方便，美味不過量，媽媽好方便。\r\n一包只有銅板價格，高CP值的美味。\r\n口感與口味吃起來類似傳統飛機餅乾，奶味更濃、味道更淡雅。\r\n每一大袋裡面有10小包相同造型的餅乾，生產線出品，同一袋無法混造型喔，敬請見諒。\r\n\"}', 1, 'https://diz36nn4q02zr.cloudfront.net/webapi/imagesV3/Original/SalePage/6427866/0/637689382161630000?v=1', '', ''),
(86, '【匠菓子】飛機造型餅乾(130g/包)\r\n', 79, 9999, '{\"成份\":\r\n\"\r\n小麥麵粉（未漂白）、棕櫚油（未氫化）、糖、蕎麥、紫菜、奇亞籽（鼠尾草籽）、岩鹽、酵母粉、碳酸氫鈉（食用小蘇打）\r\n\",\r\n\"商品特色\":\"\r\n可愛小巧造型餅乾，濃濃奶香，大人小孩都愛。\r\n精緻小包裝，一包只有孩子巴掌大，隨身攜帶好方便，美味不過量，媽媽好方便。\r\n一包只有銅板價格，高CP值的美味。\r\n口感與口味吃起來類似傳統飛機餅乾，奶味更濃、味道更淡雅。\r\n每一大袋裡面有10小包相同造型的餅乾，生產線出品，同一袋無法混造型喔，敬請見諒。\r\n\"}', 1, 'https://diz36nn4q02zr.cloudfront.net/webapi/imagesV3/Original/SalePage/6427863/0/637746421637870000?v=1', '', ''),
(87, '【匠菓子】數字造型餅乾(130g/包)\r\n', 79, 9999, '{\"成份\":\r\n\"\r\n小麥麵粉（未漂白）、棕櫚油（未氫化）、糖、蕎麥、紫菜、奇亞籽（鼠尾草籽）、岩鹽、酵母粉、碳酸氫鈉（食用小蘇打）\r\n\",\r\n\"商品特色\":\"\r\n可愛小巧造型餅乾，濃濃奶香，大人小孩都愛。\r\n精緻小包裝，一包只有孩子巴掌大，隨身攜帶好方便，美味不過量，媽媽好方便。\r\n一包只有銅板價格，高CP值的美味。\r\n口感與口味吃起來類似傳統飛機餅乾，奶味更濃、味道更淡雅。\r\n每一大袋裡面有10小包相同造型的餅乾，生產線出品，同一袋無法混造型喔，敬請見諒。\r\n\"}', 1, 'https://diz36nn4q02zr.cloudfront.net/webapi/imagesV3/Original/SalePage/6427862/0/637746421672170000?v=1', '', ''),
(88, '【CW】大蒜麵包餅乾350g\r\n', 79, 9999, '{\"成份\":\r\n\"\r\n麵粉（小麥）人造奶油［棕櫚油,精鹽,脂肪酸甘油酯,香料,抗氧化劑（維生素E］糖,酥油（棕櫚油）,大蒜,精鹽,玉米澱粉,酵母,穀物調味料（黑麥粉,大麥麥芽粉,糖,大麥麥芽抽出物,棕櫚油）,混合麺粉［麵粉,乳酸硬脂酸鈉,氣化銨,抗氧化劑（維生素C）,調製小麥粉［小麥,葡萄糖,脂肪酸甘油酯,乳酸硬脂酸鈉,抗氧化劑（維他命（］,硫酸鈣,酵素（澱粉酵素,蛋白酵素）檸檬酸,巴西里香芹,天然食用色素（含薑黃色素,薑黃粉,黃梔子色素,婀娜多色素）\r\n\",\r\n\"商品特色\":\"\r\n韓國好評\r\n超好吃，不買會後悔~超值巨大分享包！\r\n在韓國買了一包立刻打開吃讚不絕口啊\r\n金黃色的大蒜法國麵包餅乾\r\n正反面金黃奶油真的非常可口誘人\r\n大蒜奶油香氣逼人\r\n大片咬感脆度十足\r\n\"}', 1, 'https://diz36nn4q02zr.cloudfront.net/webapi/imagesV3/Original/SalePage/7300169/0/637753310694130000?v=1', '', ''),
(89, '【康朵】涼感抑菌衛生棉-日用，6包\r\n', 414, 9999, '{\"成份\":\r\n\"\r\n複合能量植物芯片（七合一芯片負離子、紅豆杉、溫感遠紅外線、磁動力、甲殼素、奈米銀、涼感），纖柔棉面料、無塵紙、SAP高分子吸水紙、防漏透氣底膜\r\n\",\r\n\"商品特色\":\"\r\nNO.1全能高科技衛生棉2020女王般溫柔尊寵\r\n您值得被溫柔呵護!!\r\n獨家專利小花七合一體感能量芯片隱形守護私密粉嫩肌膚\r\n七芯：1.負離子2.紅豆杉3.磁動力4.甲殼素5.奈米銀6.涼感7.溫感遠紅外線\r\n頂級純棉，私處養護嫩白計畫!\r\n\"}', 1, 'https://diz36nn4q02zr.cloudfront.net/webapi/imagesV3/Original/SalePage/7257226/0/637750875390530000?v=1', '', ''),
(90, '【HELLOKITTY】涼感萌萌衛生棉，日用24.5cm，15包組\r\n', 414, 9999, '{\"成份\":\r\n\"\r\n不織布、紙漿、高分子吸收體、PE防水膜、固定黏膠、薄荷腦。\r\n\",\r\n\"商品特色\":\"\r\nKITTY日用衛生棉\r\n添加天然薄荷精油，清新涼感透氣，持續淨味表面乾爽不回滲，給肌膚頂級的呵護。\r\n\"}', 1, 'https://diz36nn4q02zr.cloudfront.net/webapi/imagesV3/Original/SalePage/7356372/0/637713864838070000?v=1', '', ''),
(91, '【康朵】涼感抑菌衛生棉-6包(日用5+夜用1)\r\n', 414, 9999, '{\"成份\":\r\n\"\r\n複合能量植物芯片（七合一芯片負離子、紅豆杉、溫感遠紅外線、磁動力、甲殼素、奈米銀、涼感），纖柔棉面料、無塵紙、SAP高分子吸水紙、防漏透氣底膜。\r\n\",\r\n\"商品特色\":\"\r\nNO.1全能高科技衛生棉2020女王般溫柔尊寵\r\n您值得被溫柔呵護!!\r\n獨家專利小花七合一體感能量芯片隱形守護私密粉嫩肌膚\r\n七芯：1.負離子2.紅豆杉3.磁動力4.甲殼素5.奈米銀6.涼感7.溫感遠紅外線\r\n頂級純棉，私處養護嫩白計畫!\r\n\"}', 1, 'https://diz36nn4q02zr.cloudfront.net/webapi/imagesV3/Original/SalePage/6793146/0/637750873528630000?v=1', '', ''),
(92, '【Unipapa】鱷魚牌 生活卡匣 防蚊系列\r\n', 389, 9999, '{\"成份\":\r\n\"\r\n複合能量植物芯片（七合一芯片負離子、紅豆杉、溫感遠紅外線、磁動力、甲殼素、奈米銀、涼感），纖柔棉面料、無塵紙、SAP高分子吸水紙、防漏透氣底膜。\r\n\",\r\n\"商品特色\":\"\r\n無臭無味、長效輕巧、室內可用。\r\n有效時間長達130天。\r\n極輕巧僅40g，隨身超無感。\r\n\"}', 1, 'https://diz36nn4q02zr.cloudfront.net/webapi/imagesV3/Original/SalePage/7084800/0/637661881639400000?v=1', '', ''),
(93, '簡約生活擦拭巾(3入)\r\n', 199, 9999, '{\"成份\":\r\n\"\r\n聚酯纖維（PET）、尼龍（Nylon）\r\n\",\r\n\"商品特色\":\"\r\n擦拭布內裝共三款不同織法(橫斷面織法、菱形面織法、超細纖維)適用所有材質\r\n1.橫斷面織法能捕獲塵埃顆粒，除汙，去油好輕鬆。\r\n2.菱形面織法適合擦拭光面油漆表面，電鍍表面，玻璃，儀錶及液晶屏等。\r\n3.超細纖維採用桔瓣式技術將長絲分成8瓣，使纖維表面面積增大，所以吸水力好和易幹成為它的顯著特性。\r\n\"}', 1, 'https://diz36nn4q02zr.cloudfront.net/webapi/imagesV3/Original/SalePage/6214387/0/637660499032500000?v=1', '', ''),
(94, '【康朵】75%潔用酒精清潔液500ml，24入\r\n', 1806, 9999, '{\"成份\":\r\n\"\r\nALCOHOL95％（酒精）、純水、尤加利精油\r\n\",\r\n\"商品特色\":\"\r\n居家清潔、手部清潔\r\n噴灑環境、日用品\r\n添加尤加利精油　\r\n噴灑後擦拭，有效抑制\r\n除臭芳香\r\n(本產品非藥用,僅供清潔專用,禁止食用)\r\n\"}', 1, 'https://diz36nn4q02zr.cloudfront.net/webapi/imagesV3/Original/SalePage/7143536/0/637750876814630000?v=1', '', ''),
(95, '【NOVOO】NOVOO五合一Type-C多功能集線器 (USB-C HUB/讀卡機，銀灰色)\r\n', 990, 9999, '{\"成份\":\r\n\"\r\nALCOHOL95％（酒精）、純水、尤加利精油\r\n\",\r\n\"商品特色\":\"\r\n1.完善解決MacBOOK只有一個連接埠的問題,滿足您的行動科技生活。\r\n2.即時擴充：五合一多功能集線器 功能強大且安全。\r\n3.支援USB 3.0 高速傳輸：透過USB 3.0傳輸，提供高達5Gbps的高速傳輸速率，享受穩定及快速的資料傳輸，也節省了寶貴的時間，增加瀏覽資料的速度。\r\n4.HDMI(支援 4K 高畫質)：HDMI連接大螢幕，享受細緻高清的晝質，輕鬆觀看網路影片，實現行動電影院。\r\n5.高質感材質，提升您的品味生活。\r\n6.設計輕巧好收納，完全不佔用多餘空間\r\n\"}', 1, 'https://diz36nn4q02zr.cloudfront.net/webapi/imagesV3/Original/SalePage/6400249/0/637619750698500000?v=1', '', ''),
(96, '【cheero】阿愣蘋果快充線，USB-C with Lightning (100公分)\r\n', 600, 9999, '{\"成份\":\r\n\"\r\n尼龍\r\n\",\r\n\"商品特色\":\"\r\n●蘋果原廠MFi認證，品質保證\r\n●加強版尼龍線,堅固耐用\r\n●Power Delivery3.0對應\r\n\"}', 1, 'https://diz36nn4q02zr.cloudfront.net/webapi/imagesV3/Original/SalePage/7136384/0/637619626743770000?v=1', '', ''),
(97, '【東亞】3孔3開關3插座2USB延長線，TY-S903 (12尺) 3.6公尺', 699, 9999, '{\"成份\":\r\n\"\r\n銅、防火耐高溫工程塑膠\r\n\",\r\n\"商品特色\":\"\r\n●正面插座x3、開關x3、USBx2\r\n●線長設計3.6公尺(12尺)\r\n●通過國家安全檢驗合格認證(R63144)\r\n\"}', 1, 'https://diz36nn4q02zr.cloudfront.net/webapi/imagesV3/Original/SalePage/7393152/0/637725969481700000?v=1', '', ''),
(98, '【YOMIX】優迷Type-C快充充電器，藍QP-02 (PD 20W)\r\n', 490, 9999, '{\"成份\":\r\n\"\r\nPC材料（聚碳酸酯）\r\n\",\r\n\"商品特色\":\"\r\n●20W小體積 大輸出\r\n●一孔雙快充協議\r\n●4大防護 安心充電\r\n\"}', 1, 'https://diz36nn4q02zr.cloudfront.net/webapi/imagesV3/Original/SalePage/7346159/0/637696406847430000?v=1', '', ''),
(99, '【ｉＦｏｒｙ】１８Ｗ　ＰＤ快充折疊式充電器白色USB Type-C\r\n', 449, 9999, '{\"成份\":\r\n\"\r\nPC材料（聚碳酸酯）\r\n\",\r\n\"商品特色\":\"\r\n●原廠授權，正版公司貨\r\n●90度摺疊插頭設計，攜帶方便，使用更便利\r\n\"}', 1, 'https://diz36nn4q02zr.cloudfront.net/webapi/imagesV3/Original/SalePage/7207484/0/637660502601630000?v=1', '', ''),
(100, '【Osmile】微笑科技防疫雲端手錶，Oxy300\r\n', 5449, 9999, '{\"成份\":\r\n\"\r\nPC＋ABS\r\n\",\r\n\"商品特色\":\"\r\n●全自動連續氧氣、心率、環溫監測，壓力監測，各式運動數據，睡眠、久坐、喝水、用藥提醒\r\n●1. 全自動生理量測趨勢, 居家防疫自主管理；2. 23 種全方位運動管理；3. GPS 跑步定位追蹤\r\n●戶外跑、騎行、跳繩、羽毛球、乒乓球、網球、登山、健走、籃球、足球、棒球、排球、板球、橄欖球、曲棍球、跳舞\r\n●鍛煉秒錶、運動心率、卡路里、距離\r\n●手錶同步手機天氣預測，尋找手機,手機防丟\r\n●25 種錶盤切換＋自定義錶盤，鬧鐘、碼錶設定，遙控自拍，來電、各式訊息提醒，翻腕顯示螢幕\r\n\"}', 1, 'https://diz36nn4q02zr.cloudfront.net/webapi/imagesV3/Original/SalePage/7455972/0/637734485635130000?v=1', '', ''),
(101, '【冷凍店取—勝崎生鮮】台灣神農１９８３極黑豚-鮮嫩梅花火鍋肉片200±10%公克/1盒\r\n', 129, 9999, '{\"成份\":\r\n\"\r\n新鮮豬肉（原肉裁切,無任何添加）\r\n\",\r\n\"商品特色\":\"\r\n１９８３黑豚為全場履歷單一農場生產養殖，肉質完熟，Q彈甜度高！\r\n\"}', 1, 'https://diz36nn4q02zr.cloudfront.net/webapi/imagesV3/Original/SalePage/7384583/0/637751074606570000?v=1', '', ''),
(102, '【愛上海鮮】野生鮮凍花枝圈10包(200g±10%/盒)\r\n', 1380, 9999, '{\"成份\":\r\n\"\r\n花枝\r\n\",\r\n\"商品特色\":\"\r\n純淨天然海域下自然養成，肉厚彈口肥美新鮮，低溫冷凍技術完整保存花枝天然的鮮甜滋味，切圈塊狀的事前處理，讓您食用更加省時便利！\r\n\"}', 1, 'https://diz36nn4q02zr.cloudfront.net/webapi/imagesV3/Original/SalePage/6329103/0/637619705817870000?v=1', '', ''),
(103, '【愛上海鮮】野生鮮凍花枝圈8包(200g±10%/盒)\r\n', 1184, 9999, '{\"成份\":\r\n\"\r\n花枝\r\n\",\r\n\"商品特色\":\"\r\n純淨天然海域下自然養成，肉厚彈口肥美新鮮，低溫冷凍技術完整保存花枝天然的鮮甜滋味，切圈塊狀的事前處理，讓您食用更加省時便利！\r\n\"}', 1, 'https://diz36nn4q02zr.cloudfront.net/webapi/imagesV3/Original/SalePage/6329103/0/637619705817870000?v=1', '', ''),
(104, '【愛上海鮮】野生鮮凍花枝圈20包(200g±10%/盒)\r\n', 2360, 9999, '{\"成份\":\r\n\"\r\n花枝\r\n\",\r\n\"商品特色\":\"\r\n純淨天然海域下自然養成，肉厚彈口肥美新鮮，低溫冷凍技術完整保存花枝天然的鮮甜滋味，切圈塊狀的事前處理，讓您食用更加省時便利！\r\n\"}', 1, 'https://diz36nn4q02zr.cloudfront.net/webapi/imagesV3/Original/SalePage/6329103/0/637619705817870000?v=1', '', ''),
(105, '【愛上海鮮】野生鮮凍花枝圈6包(200g±10%/盒)\r\n', 948, 9999, '{\"成份\":\r\n\"\r\n花枝\r\n\",\r\n\"商品特色\":\"\r\n純淨天然海域下自然養成，肉厚彈口肥美新鮮，低溫冷凍技術完整保存花枝天然的鮮甜滋味，切圈塊狀的事前處理，讓您食用更加省時便利！\r\n\"}', 1, 'https://diz36nn4q02zr.cloudfront.net/webapi/imagesV3/Original/SalePage/6329103/0/637619705817870000?v=1', '', ''),
(106, '【勝崎生鮮】紐西蘭雪花羊火鍋肉片，8盒組，200±10%公克/1盒\r\n', 1344, 9999, '{\"成份\":\r\n\"\r\n花枝\r\n\",\r\n\"商品特色\":\"\r\n選用紐西蘭優質草飼放牧羊肉，讓您享受天然純淨的優質肉片！取自於嫩肩部位，富含油花，肉質鮮嫩多汁富含彈性哦！每片特切約2mm厚，口感十足，只要在鍋中任意涮２∼３下，即可享受新鮮肉片的鮮甜口感！\r\n\"}', 1, 'https://diz36nn4q02zr.cloudfront.net/webapi/imagesV3/Original/SalePage/7320213/0/637702481302600000?v=1', '', ''),
(107, '【冷凍店取—高利水產】海老王大草蝦300g±5%/盒\r\n', 199, 9999, '{\"成份\":\r\n\"\r\n草蝦\r\n\",\r\n\"商品特色\":\"\r\n生長於純淨海域，捕撈後急速冷凍鎖鮮，體型較大，肉質飽滿緊實Q彈，適合各種料理方式。\r\n\"}', 1, 'https://diz36nn4q02zr.cloudfront.net/webapi/imagesV3/Original/SalePage/7377223/0/637713551256230000?v=1', '', ''),
(108, '【易鼎活蝦】16入海鮮巧達濃湯麵包盅', 1399, 9999, '{\"成份\":\r\n\"\r\n麵包盅150公克±5％、濃湯220g±5％\r\n\",\r\n\"商品特色\":\"\r\n香醇濃郁，口齒留香，色香味俱全的濃湯麵包盅在家裡也能輕鬆上桌\r\n海鮮巧達濃湯，鮮甜可口的蛤蠣、透抽、蝦仁等，媲美五星級料理\r\n\"}', 1, 'https://diz36nn4q02zr.cloudfront.net/webapi/imagesV3/Original/SalePage/4737101/0/637732816156700000?v=1', '', ''),
(109, '【易鼎活蝦】12入海鮮巧達濃湯麵包盅\r\n', 1059, 9999, '{\"成份\":\r\n\"\r\n麵包盅150公克±5％、濃湯220g±5％\r\n\",\r\n\"商品特色\":\"\r\n香醇濃郁，口齒留香，色香味俱全的濃湯麵包盅在家裡也能輕鬆上桌\r\n海鮮巧達濃湯，鮮甜可口的蛤蠣、透抽、蝦仁等，媲美五星級料理\r\n\"}', 1, 'https://diz36nn4q02zr.cloudfront.net/webapi/imagesV3/Original/SalePage/4737101/0/637732816156700000?v=1', '', ''),
(110, '【楊家海鮮王國】蟹管肉３０盒，100g/盒\r\n', 1059, 9999, '{\"成份\":\r\n\"\r\n蟹管肉\r\n\",\r\n\"商品特色\":\"\r\n嚴選新鮮蟹腿肉、人工去除硬殼取出蟹肉，急凍保\r\n鮮真空包裝的蟹管肉，鎖住新鮮與海水鮮甜。\r\n\"}', 1, 'https://diz36nn4q02zr.cloudfront.net/webapi/imagesV3/Original/SalePage/6990488/0/637619700897530000?v=1', '', ''),
(111, '【冷凍店取—楊家海鮮】本港盒卷250g\r\n', 139, 9999, '{\"成份\":\r\n\"\r\n蟹管肉\r\n\",\r\n\"商品特色\":\"\r\n解凍後煎、烤都香味四溢。\r\n急速冷凍，鮮度保留。\r\n\"}', 1, 'https://diz36nn4q02zr.cloudfront.net/webapi/imagesV3/Original/SalePage/7270630/0/637752843520770000?v=1', '', ''),
(112, '【冷凍店取—上野物產】綜合海鮮包230g±10%/包\r\n', 155, 9999, '{\"成份\":\r\n\"\r\n蟹管肉\r\n\",\r\n\"商品特色\":\"\r\n美味升級不打折\r\n不再費心麻煩的備料過程\r\n簡單一小包料理輕鬆煮\r\n\"}', 1, 'https://diz36nn4q02zr.cloudfront.net/webapi/imagesV3/Original/SalePage/6808371/0/637722387365970000?v=1', '', ''),
(113, '【冷凍店取—寶來發】蔬食素水餃600g/包\r\n', 180, 9999, '{\"成份\":\r\n\"\r\n麵粉、青江菜、豆干（黃豆（非基因改造）、食用石膏、鹽、品質改良劑（卵磷脂、脂肪酸甘油脂、碳酸鎂矽樹脂）、焦糖色素）、竹筍、香菇、黑木耳、四季豆、芝麻油、大豆沙拉油、糖、鹽、味精（L－麩酸鈉）。\r\n\",\r\n\"商品特色\":\"\r\n每粒水餃約30公克,皮薄肉多.鮮香味美\r\n\"}', 1, 'https://diz36nn4q02zr.cloudfront.net/webapi/imagesV3/Original/SalePage/7490658/0/637753476386270000?v=1', '', ''),
(114, '【冷凍店取—祥和蔬食】素油雞270克/包\r\n', 280, 9999, '{\"成份\":\r\n\"\r\n素雞［水、非基因改造大豆蛋白（含大豆、小麥）、小麥澱粉、植物纖維、芥花油、蛋白粉、乳清、麥芽糊精、黏稠劑（乾酪素鈉）、豆皮、鹽、糖、酵母抽取物、調味劑（胺基乙酸、DL－蘋果酸）、香料］、水、芹菜、老薑、香油、高鮮味精（L－麩酸鈉、5－次黃嘌呤核苷磷酸二鈉、5－鳥嘌呤核苷磷酸二鈉）、鹽\r\n\",\r\n\"商品特色\":\"\r\n堅持選用高品質在地天然食材\r\n非基因改造大豆製作的素雞\r\n搭配新鮮芹菜、老薑末及特調香油提味\r\n●清爽順口的絕品開胃菜\r\n●連續4年米其林必比登推薦的唯一蔬食餐廳\r\n\"}', 1, 'https://diz36nn4q02zr.cloudfront.net/webapi/imagesV3/Original/SalePage/7319271/0/637722388267830000?v=1', '', ''),
(115, '【冷凍店取—祥和蔬食】宮保素雞丁280克/包\r\n', 280, 9999, '{\"成份\":\r\n\"\r\n本產品含有大豆、蛋、牛奶、花生、芝麻、含麩質之穀物及其製品，不適合對其過敏體質者食用。\r\n\",\r\n\"商品特色\":\"\r\n傳統川式料理精典名菜之一素食版\r\n非基因改造的素香酥肉，咬起來軟Q多汁\r\n搭配清脆口感的金針菜嫩莖烈炒，蹦出新口感\r\n● 灑入乾辣椒拌香菇素蠔等醬料增添食欲感\r\n● 使用日本原裝昆布粉提出香甜味\r\n● 加入花生末讓香氣口感更提升一個層次\r\n● 台北米其林必比登唯一連續4年推薦蔬食餐廳\r\n\"}', 1, 'https://diz36nn4q02zr.cloudfront.net/webapi/imagesV3/Original/SalePage/7319270/0/637751072478430000?v=1', '', ''),
(116, '【冷凍店取-朱昱瑋】飄香獅子頭蔬食粽200g*5入\r\n', 399, 9999, '{\"成份\":\r\n\"\r\n成份:拌飯【水、長糯米、鴻喜菇、雪白菇、薑、大豆油、香油（芝麻、大豆油）、素蠔油（水、蔗糖轉化液糖、黃豆、小麥、鹽、三仙膠、乙醯化己二酸二澱粉、酵母抽出物、香菇粉）、甜麵醬（黃豆、水、蔗糖、鹽、大豆油、麵粉、三仙膠、八角粉）、醬油、高湯（水、鹽、味精、蔗糖、香料、醬油、酵母抽出物、多磷酸鈉、三仙膠、香菇粉）、糖、胡椒粉】、獅子頭（水、馬蹄丁、分離大豆蛋白、組織大豆蛋白、大豆油、醬油、胡蘿蔔、玉米、蛋白粉、小麥蛋白、青豆仁、玉米澱粉、蔗糖、醋酸澱粉、丙基磷酸二澱粉、香菇、味精、甜味劑（甘草素）、DL－丙胺酸、5\'次黃嘌呤核？磷酸二鈉、5\'鳥嘌呤核？磷酸二鈉、琥珀酸二鈉、黑胡椒、白胡椒、海鹽、紅趜米粉）、香菇、栗子、地瓜\r\n\",\r\n\"商品特色\":\"\r\n世界超級名廚-朱昱瑋師傅配方技術指導，以麻油蕈菇拌糯米，加入素獅子頭、栗子、香菇、地瓜，滿滿的蔬食，讓您吃粽而不重。\r\n\"}', 1, 'https://diz36nn4q02zr.cloudfront.net/webapi/imagesV3/Original/SalePage/6962343/0/637661775957330000?v=1', '', ''),
(117, '【冷凍店取—祥和蔬食】三杯猴頭菇180克/包', 350, 9999, '{\"成份\":\r\n\"\r\n猴頭菇［水、猴頭菇、大豆蛋白、卵磷脂、糖、鹽、芥花油、調味劑（味精、5\'－鳥嘌呤核苷磷酸二鈉、5\'－次黃嘌呤核苷磷酸二鈉）、大豆水解蛋白、酵母粉、麥芽糖粉、樹薯澱粉、環狀糊精］、水、九層塔、薑、炸酥油（棕櫚油、沙拉油、芥花油）、黑麻油、素蠔油［水、轉化液糖（蔗糖、水）、高蛋白豆片、小麥、鹽、粘稠劑（乙醯化己二酸二澱粉、三仙膠）、糖、酵母抽出物、香菇抽出物、甜味劑（甘草萃、蔗糖素）、香菇香料、β－環狀糊精、防腐劑（對羥苯甲酸丁酯、苯甲酸鈉）、DL－蘋果酸］、糖、馬鈴薯澱粉、昆布粉［調味劑（味精、氯化鉀、5\'－次黃嘌呤核苷磷酸二鈉、5\'－鳥嘌呤核苷磷酸二鈉、琥珀酸二鈉）、鹽、糖、甜味劑（D－甘露醇）、昆布粉、糊精、昆布抽出物\r\n\",\r\n\"商品特色\":\"\r\n嚴選珍貴食材上等新鮮猴頭菇\r\n搭配在地老薑片、傳統黑麻油、素蠔油等醬料大火烈炒沁入風味\r\n最後輔以九層塔增添味蕾的享受\r\n● 台北米其林必比登唯一連續4年推薦蔬食餐廳\r\n\"}', 1, 'https://diz36nn4q02zr.cloudfront.net/webapi/imagesV3/Original/SalePage/7319269/0/637751072477370000?v=1', '', ''),
(118, '【上野物產】好家在蔬食居家防疫箱1615g±10%/6包/箱\r\n', 699, 9999, '{\"成份\":\r\n\"\r\n玉米筍150g、綠花椰菜400g、毛豆仁200g、四季豆250g、馬鈴薯丁250g、菠菜500g。\r\n\",\r\n\"商品特色\":\"\r\n多種鮮凍蔬食\r\n採用急凍技術保存新鮮\r\n居家安心一箱搞定\r\n\"}', 1, 'https://diz36nn4q02zr.cloudfront.net/webapi/imagesV3/Original/SalePage/7319269/0/637751072477370000?v=1', '', ''),
(119, '【巧口】鳳梨椰果顆粒飲料340ml*24入/箱\r\n', 240, 9999, '{\"成份\":\r\n\"\r\n水、蔗糖、鳳梨原汁、椰果、檸檬酸、羧甲基纖維素鈉、關華豆膠、抗氧化劑（異抗壞血酸鈉）、食鹽、L－麩酸鈉、檸檬酸鈉、香料、甜味劑（醋磺內酯鉀）、β－胡蘿蔔素\r\n\",\r\n\"商品特色\":\"\r\n1. 嚴選台灣甜膩多汁的鳳梨，每一口都喝的到鳳梨的纖維果粒。\r\n2. 是這炎熱的夏天中，最清涼解渴無負擔的飲品。\r\n\"}', 1, 'https://diz36nn4q02zr.cloudfront.net/webapi/imagesV3/Original/SalePage/7211632/0/637753478880770000?v=1', '', ''),
(120, '【生活】運動飲料250ml*24入/箱', 119, 9999, '{\"成份\":\r\n\"\r\n水、糖、檸檬酸、檸檬酸鈉、天然香料、食鹽、乳酸鈣、氯化鉀、安定劑、氯化鎂\r\n\",\r\n\"商品特色\":\"\r\n輕鬆補充水分讓工作運動更有勁\r\n人體不可缺少的電解質！\r\n鈣、鎂、鈉、鉀一次補足\r\n海水精餾低鈉配方比國家低鈉標準更健康\r\n\"}', 1, 'https://diz36nn4q02zr.cloudfront.net/webapi/imagesV3/Original/SalePage/7357840/0/637740505066870000?v=1', '', ''),
(121, '【王老吉】涼茶植物飲料310ml*24/箱', 840, 9999, '{\"成份\":\r\n\"\r\n水、白砂糖、仙草、雞蛋花、布渣葉、菊花、金銀花、夏枯草、甘草\r\n\",\r\n\"商品特色\":\"\r\n1. 中國最熱銷涼茶商品，消暑解渴、解膩退火，通通一罐搞定。冬天搭配火鍋飲用，清爽又好喝！\r\n2. 以本草植物萃取，結合傳承百餘年的古老配合調製而成。\r\n3.無添加防腐劑及人工色素，無論常溫或冰涼後飲用，都是爽口好滋味！\r\n4.獨一無二的味蕾感受，打破對植物涼茶的刻板印象，絕對值得親身體驗！\r\n\"}', 1, 'https://diz36nn4q02zr.cloudfront.net/webapi/imagesV3/Original/SalePage/7388536/0/637751538196870000?v=1', '', ''),
(122, '【尚野家】黑五寶燕麥飲285ml*6入/組\r\n', 135, 9999, '{\"成份\":\r\n\"\r\n水、白砂糖、仙草、雞蛋花、布渣葉、菊花、金銀花、夏枯草、甘草\r\n\",\r\n\"商品特色\":\"\r\n1.真材實料的呈現出榖類的天然香味，並喝得到口感十足的膳食纖維。\r\n2.以精選黑豆.黑米.黑麥.黑芝麻.黑藜麥為原料,真材實料的呈現出榖類的營養價值。\r\n3.天然無添加,香醇穀麥,保留完整穀物精華。\r\n\"}', 1, 'https://diz36nn4q02zr.cloudfront.net/webapi/imagesV3/Original/SalePage/7393813/0/637739521956670000?v=1', '', ''),
(123, '【外埔乳品】原味牛乳飲品240ml*24/箱', 540, 9999, '{\"成份\":\r\n\"\r\n水、奶粉、乳化安定劑（脂肪酸甘油酯、脂肪酸蔗糖酯、蔗糖、鹿角菜膠、乳酸硬脂酸鈉）\r\n\",\r\n\"商品特色\":\"\r\n1. 來自台中外埔區，使用台灣酪農自產、自銷乳品。\r\n2. 單一乳源高溫殺菌，釜滅菌長時間保存不使用防腐劑。\r\n3. 保留最原始的自然奶香、香醇濃郁，適合全家大小享用！\r\n4. 久置浮乳脂肪，屬正常。飲用前請搖勻，冷藏風味佳，沉澱屬自然現象。\r\n\"}', 1, 'https://diz36nn4q02zr.cloudfront.net/webapi/imagesV3/Original/SalePage/7418765/0/637734431214400000?v=1', '', ''),
(124, '【Dripo】牧場紅茶牛乳即溶飲品(原味)16g*25條/盒\r\n', 299, 9999, '{\"成份\":\r\n\"\r\n奶精【葡萄糖漿、氯化棕棚核仁油、乳清粉、乾酪素鈉、穩定劑（磷酸鉀、磷酸氨二押、多磷酸鈉）、乳化劑（脂防酸甘油脂、乳酸硬脂酸鈉、二氧化矽、B－胡蘿蔔素】、砂糖、脫脂奶粉、即溶紅茶粉、北海道產全脂奶粉、乳糖、烏龍茶粉、麥芽期精、香料、二氧化矽、蔗糖素（甜味劑）\r\n\",\r\n\"商品特色\":\"\r\n延續咖啡牛乳的絕佳乳香口感，滿滿的牛乳風味，喝一口就能讓你心滿意足的紅茶牛乳。\r\n強調濃郁牛乳風味的咖啡牛乳咖啡廣受歡迎添加了來自北海道四葉乳業全乳粉！\r\n將廣受大家喜愛的相同風味帶到紅茶牛乳，一樣的好喝！\r\n\"}', 1, 'https://diz36nn4q02zr.cloudfront.net/webapi/imagesV3/Original/SalePage/7162396/0/637749844540530000?v=1', '', '');

-- --------------------------------------------------------

--
-- 資料表結構 `vendor_info`
--

CREATE TABLE `vendor_info` (
  `vendor_id` int(11) NOT NULL,
  `name` varchar(10) COLLATE utf8mb4_unicode_520_ci NOT NULL,
  `address` varchar(100) COLLATE utf8mb4_unicode_520_ci NOT NULL,
  `phone` int(11) NOT NULL,
  `logo` longtext COLLATE utf8mb4_unicode_520_ci NOT NULL,
  `contact` varchar(10) COLLATE utf8mb4_unicode_520_ci NOT NULL,
  `payment` varchar(20) COLLATE utf8mb4_unicode_520_ci NOT NULL
) ENGINE=InnoDB DEFAULT CHARSET=utf8mb4 COLLATE=utf8mb4_unicode_520_ci;

--
-- 傾印資料表的資料 `vendor_info`
--

INSERT INTO `vendor_info` (`vendor_id`, `name`, `address`, `phone`, `logo`, `contact`, `payment`) VALUES
(1, '弘道實業有限公司', '台北市德惠街173號五樓', 25961396, 'https://raw.githubusercontent.com/scott93723/happy_shop_api/main/%E5%B8%B8%E9%A6%99%E5%81%A5logo/3.jpg', '劉振隆', '月結30天'),
(2, '常香健有限公司', '台北市德惠街173號', 25961324, 'https://github.com/scott93723/happy_shop_api/blob/main/%E5%B8%B8%E9%A6%99%E5%81%A5logo/43201722_2264559010456023_549238261738897408_n.jpg?raw=true', '劉天', '月結60天'),
(3, '台灣積體電路有限公司', '高雄發大財一號', 7234567, 'https://raw.githubusercontent.com/scott93723/happy_shop_api/main/%E6%9E%95%E9%A0%AD/8%E8%8C%B6%E8%91%89%E6%9E%95.jpg', '劉德音', '月結60天'),
(4, '長榮航空公司', '桃園機場路一號', 25963455, 'https://raw.githubusercontent.com/scott93723/happy_shop_api/main/%E6%9E%95%E9%A0%AD/8%E8%8C%B6%E8%91%89%E6%9E%95.jpg', '劉冰', '月結60天'),
(5, '中華航空公司', '桃園機場路2號', 325962340, 'https://raw.githubusercontent.com/scott93723/happy_shop_api/main/%E6%9E%95%E9%A0%AD/8%E8%8C%B6%E8%91%89%E6%9E%95.jpg', '劉天仙', '月結60天'),
(6, '台灣三星電子分公司', '桃園亞洲矽谷領航北路二段一號', 352362340, 'https://raw.githubusercontent.com/scott93723/happy_shop_api/main/%E6%9E%95%E9%A0%AD/8%E8%8C%B6%E8%91%89%E6%9E%95.jpg', '戴天', '月結60天'),
(7, '亞洲矽谷寶哥集團', '桃園亞洲矽谷領航北路二段一號', 352362345, 'https://raw.githubusercontent.com/scott93723/happy_shop_api/main/%E6%9E%95%E9%A0%AD/8%E8%8C%B6%E8%91%89%E6%9E%95.jpg', '林雨璟', '月結60天'),
(8, '李愛花藝有限公司', '桃園亞洲矽谷領航南路三段124號', 352362323, 'https://raw.githubusercontent.com/scott93723/happy_shop_api/main/%E6%9E%95%E9%A0%AD/8%E8%8C%B6%E8%91%89%E6%9E%95.jpg', '李明潔', '月結60天'),
(9, '林神經外科診所', '桃園亞洲矽谷領航南路三段14號', 352362325, 'https://raw.githubusercontent.com/scott93723/happy_shop_api/main/%E6%9E%95%E9%A0%AD/8%E8%8C%B6%E8%91%89%E6%9E%95.jpg', '林葦婷', '月結60天'),
(10, '劉家生物科技有限公司', '桃園亞洲矽谷領航南路三段234號', 352362312, 'https://raw.githubusercontent.com/scott93723/happy_shop_api/main/%E6%9E%95%E9%A0%AD/8%E8%8C%B6%E8%91%89%E6%9E%95.jpg', '劉秋萍', '月結60天');

--
-- 已傾印資料表的索引
--

--
-- 資料表索引 `advertisement`
--
ALTER TABLE `advertisement`
  ADD PRIMARY KEY (`id`);

--
-- 資料表索引 `category`
--
ALTER TABLE `category`
  ADD PRIMARY KEY (`category_id`);

--
-- 資料表索引 `category_product`
--
ALTER TABLE `category_product`
  ADD PRIMARY KEY (`category_id`,`item_id`),
  ADD KEY `item_id` (`item_id`);

--
-- 資料表索引 `member`
--
ALTER TABLE `member`
  ADD PRIMARY KEY (`member_id_phone`);

--
-- 資料表索引 `order_list`
--
ALTER TABLE `order_list`
  ADD PRIMARY KEY (`order_id`),
  ADD KEY `member_id_phone` (`member_id_phone`);

--
-- 資料表索引 `order_product`
--
ALTER TABLE `order_product`
  ADD PRIMARY KEY (`order_id`,`item_id`),
  ADD KEY `item_id` (`item_id`);

--
-- 資料表索引 `popular_keyword`
--
ALTER TABLE `popular_keyword`
  ADD PRIMARY KEY (`id`);

--
-- 資料表索引 `product_info`
--
ALTER TABLE `product_info`
  ADD PRIMARY KEY (`item_id`);

--
-- 資料表索引 `vendor_info`
--
ALTER TABLE `vendor_info`
  ADD PRIMARY KEY (`vendor_id`);

--
-- 在傾印的資料表使用自動遞增(AUTO_INCREMENT)
--

--
-- 使用資料表自動遞增(AUTO_INCREMENT) `order_list`
--
ALTER TABLE `order_list`
  MODIFY `order_id` int(11) NOT NULL AUTO_INCREMENT, AUTO_INCREMENT=5;

--
-- 使用資料表自動遞增(AUTO_INCREMENT) `product_info`
--
ALTER TABLE `product_info`
  MODIFY `item_id` int(11) NOT NULL AUTO_INCREMENT, AUTO_INCREMENT=125;

--
-- 已傾印資料表的限制式
--

--
-- 資料表的限制式 `category_product`
--
ALTER TABLE `category_product`
  ADD CONSTRAINT `category_product_ibfk_1` FOREIGN KEY (`category_id`) REFERENCES `category` (`category_id`),
  ADD CONSTRAINT `category_product_ibfk_2` FOREIGN KEY (`item_id`) REFERENCES `product_info` (`item_id`);

--
-- 資料表的限制式 `order_list`
--
ALTER TABLE `order_list`
  ADD CONSTRAINT `order_list_ibfk_1` FOREIGN KEY (`member_id_phone`) REFERENCES `member` (`member_id_phone`);

--
-- 資料表的限制式 `order_product`
--
ALTER TABLE `order_product`
  ADD CONSTRAINT `order_product_ibfk_1` FOREIGN KEY (`item_id`) REFERENCES `product_info` (`item_id`),
  ADD CONSTRAINT `order_product_ibfk_2` FOREIGN KEY (`order_id`) REFERENCES `order_list` (`order_id`);
COMMIT;

/*!40101 SET CHARACTER_SET_CLIENT=@OLD_CHARACTER_SET_CLIENT */;
/*!40101 SET CHARACTER_SET_RESULTS=@OLD_CHARACTER_SET_RESULTS */;
/*!40101 SET COLLATION_CONNECTION=@OLD_COLLATION_CONNECTION */;
